studentId,classId,decision,reason,status,termStart,termEnd,documentId
05PdqyJkxpQDPIWbcFXe,8gRFsTVLErsXTi2DbRyD,create,SAFE_CURRENT_ENROLLMENT,active,2026-06-28,2026-08-22,WyIwNVBkcXlKa3hwUURQSVdiY0ZYZSIsIjhnUkZzVFZMRXJzWFRpMkRiUnlEIiwiMjAyNi0wNi0yOCJd
0A1hfKDPJHbBaYNdbhc0,RI6vRY14dJtwLSpdy1Bc,exclude,EXISTING_ENROLLMENT,,,,
0aXOPzXWrOX3kBtl88hH,lYMDImfr5T7qBTEXcmSW,create,SAFE_CURRENT_ENROLLMENT,active,2026-07-12,2026-08-31,WyIwYVhPUHpYV3JPWDNrQnRsODhoSCIsImxZTURJbWZyNVQ3cUJURVhjbVNXIiwiMjAyNi0wNy0xMiJd
0H9M4t2b0Di6i6CK0G0u,WTZAYh5srIEDgPEDjzwn,exclude,EXISTING_ENROLLMENT,,,,
0hmhaSS5Wh6iiSORCV9l,AnxnD92cSGEYTMqhNFw5,create,SAFE_CURRENT_ENROLLMENT,active,2026-07-22,2026-09-16,WyIwaG1oYVNTNVdoNmlpU09SQ1Y5bCIsIkFueG5EOTJjU0dFWVRNcWhORnc1IiwiMjAyNi0wNy0yMiJd
0ikEiIjIiI3hz516PPA9,dIEGKNxQyAS4uRtQmnPq,create,SAFE_CURRENT_ENROLLMENT,active,2026-07-13,2026-09-06,WyIwaWtFaUlqSWlJM2h6NTE2UFBBOSIsImRJRUdLTnhReUFTNHVSdFFtblBxIiwiMjAyNi0wNy0xMyJd
0lbqZZEjlIfcAVKANuVO,RI6vRY14dJtwLSpdy1Bc,exclude,EXISTING_ENROLLMENT,,,,
0mteiS0S7ioG1tVndRZv,MbEjkY4bZPvUt9ykRpPu,exclude,ENDED_CLASS,,,,
0PbhxSXaW1hqVnvn6O7C,187uCU8mzdnrWpziZrDe,create,SAFE_CURRENT_ENROLLMENT,active,2026-07-08,2026-08-28,WyIwUGJoeFNYYVcxaHFWbnZuNk83QyIsIjE4N3VDVThtemRucldwemlackRlIiwiMjAyNi0wNy0wOCJd
0YMC6pPlPYhro8Arq1Kc,aoaDsr3lgBvSj211VCkJ,exclude,EXISTING_ENROLLMENT,,,,
129EXIJdmhl5LfrMdVKD,pAKl7xpSLd1atr3eRofo,create,SAFE_CURRENT_ENROLLMENT,active,2026-06-23,2026-08-13,WyIxMjlFWElKZG1obDVMZnJNZFZLRCIsInBBS2w3eHBTTGQxYXRyM2VSb2ZvIiwiMjAyNi0wNi0yMyJd
12FZ7po5MORjVqpQUfHR,187uCU8mzdnrWpziZrDe,create,SAFE_CURRENT_ENROLLMENT,active,2026-07-08,2026-08-28,WyIxMkZaN3BvNU1PUmpWcXBRVWZIUiIsIjE4N3VDVThtemRucldwemlackRlIiwiMjAyNi0wNy0wOCJd
1bAeUYjWTaL5nyyVLUyH,DRjcUgJIng8OdUMVof8X,create,SAFE_CURRENT_ENROLLMENT,active,2026-07-11,2026-08-30,WyIxYkFlVVlqV1RhTDVueXlWTFV5SCIsIkRSamNVZ0pJbmc4T2RVTVZvZjhYIiwiMjAyNi0wNy0xMSJd
1el5pQbx6C7NoeC72Ngy,htDI41OT3fXxmNWfnknT,exclude,EXISTING_ENROLLMENT,,,,
1hKy5gVyPUqclq7amkBq,LMpRvmwnanq28ftRLvP3,exclude,NON_CURRENT_STATUS,,,,
1IAmz9Sl9vx64eDbp3ay,vNK2ADOv5VCXhP3Q2sOg,create,SAFE_CURRENT_ENROLLMENT,active,2026-07-16,2026-09-08,WyIxSUFtejlTbDl2eDY0ZURicDNheSIsInZOSzJBRE92NVZDWGhQM1Eyc09nIiwiMjAyNi0wNy0xNiJd
1IOxOnSYK0vcgZ27rMfh,b6GS6Dg5npzK3y2iRpbs,create,SAFE_CURRENT_ENROLLMENT,active,2026-07-02,2026-08-25,WyIxSU94T25TWUswdmNnWjI3ck1maCIsImI2R1M2RGc1bnB6SzN5MmlScGJzIiwiMjAyNi0wNy0wMiJd
1kE0tKx21XMEOR1r5G5d,lYMDImfr5T7qBTEXcmSW,create,SAFE_CURRENT_ENROLLMENT,active,2026-07-12,2026-08-31,WyIxa0UwdEt4MjFYTUVPUjFyNUc1ZCIsImxZTURJbWZyNVQ3cUJURVhjbVNXIiwiMjAyNi0wNy0xMiJd
1kG5Rdw0N5ypSuumybsX,PVSYXAXaSz9rqGa5MFFw,create,SAFE_CURRENT_ENROLLMENT,active,2026-07-15,2026-09-09,WyIxa0c1UmR3ME41eXBTdXVteWJzWCIsIlBWU1lYQVhhU3o5cnFHYTVNRkZ3IiwiMjAyNi0wNy0xNSJd
1lZPhaqwqtJPGazsgBOI,LMpRvmwnanq28ftRLvP3,exclude,NON_CURRENT_STATUS,,,,
1MiN4cxuFlMcnIzj2auQ,ERCRTO9edy422YC37xiy,create,SAFE_CURRENT_ENROLLMENT,active,2026-07-11,2026-08-30,WyIxTWlONGN4dUZsTWNuSXpqMmF1USIsIkVSQ1JUTzllZHk0MjJZQzM3eGl5IiwiMjAyNi0wNy0xMSJd
2acCUS6ycRWN8rXnvTv1,b6GS6Dg5npzK3y2iRpbs,create,SAFE_CURRENT_ENROLLMENT,active,2026-07-02,2026-08-25,WyIyYWNDVVM2eWNSV044clhudlR2MSIsImI2R1M2RGc1bnB6SzN5MmlScGJzIiwiMjAyNi0wNy0wMiJd
2DIGQggr9fGrlt937cNE,vNK2ADOv5VCXhP3Q2sOg,create,SAFE_CURRENT_ENROLLMENT,active,2026-07-16,2026-09-08,WyIyRElHUWdncjlmR3JsdDkzN2NORSIsInZOSzJBRE92NVZDWGhQM1Eyc09nIiwiMjAyNi0wNy0xNiJd
2DVNHVuXBTIU94wncgE3,187uCU8mzdnrWpziZrDe,create,SAFE_CURRENT_ENROLLMENT,active,2026-07-08,2026-08-28,WyIyRFZOSFZ1WEJUSVU5NHduY2dFMyIsIjE4N3VDVThtemRucldwemlackRlIiwiMjAyNi0wNy0wOCJd
2HcFtkGJhRkVwXEtaNu6,DPZ0ENoAC52canMi03Dr,exclude,EXISTING_ENROLLMENT,,,,
2j0urrJAqxJ4p5aRQ531,pAKl7xpSLd1atr3eRofo,create,SAFE_CURRENT_ENROLLMENT,active,2026-06-23,2026-08-13,WyIyajB1cnJKQXF4SjRwNWFSUTUzMSIsInBBS2w3eHBTTGQxYXRyM2VSb2ZvIiwiMjAyNi0wNi0yMyJd
2upeFRFP2omi2uPJ4gKg,tY5PIISvWwaH4ZL7qGHX,create,SAFE_CURRENT_ENROLLMENT,active,2026-06-13,2026-08-02,WyIydXBlRlJGUDJvbWkydVBKNGdLZyIsInRZNVBJSVN2V3dhSDRaTDdxR0hYIiwiMjAyNi0wNi0xMyJd
2uPuOEXP2aoluouGxfms,WTZAYh5srIEDgPEDjzwn,exclude,EXISTING_ENROLLMENT,,,,
2xKpPYscvOhgibZg6Ttv,8gRFsTVLErsXTi2DbRyD,create,SAFE_CURRENT_ENROLLMENT,active,2026-06-28,2026-08-22,WyIyeEtwUFlzY3ZPaGdpYlpnNlR0diIsIjhnUkZzVFZMRXJzWFRpMkRiUnlEIiwiMjAyNi0wNi0yOCJd
32mavMdqalC12Zx7NaCM,tY5PIISvWwaH4ZL7qGHX,create,SAFE_CURRENT_ENROLLMENT,on_leave,2026-06-13,2026-08-02,WyIzMm1hdk1kcWFsQzEyWng3TmFDTSIsInRZNVBJSVN2V3dhSDRaTDdxR0hYIiwiMjAyNi0wNi0xMyJd
33PMF0IyFb9iO3sO5Taa,DRjcUgJIng8OdUMVof8X,create,SAFE_CURRENT_ENROLLMENT,active,2026-07-11,2026-08-30,WyIzM1BNRjBJeUZiOWlPM3NPNVRhYSIsIkRSamNVZ0pJbmc4T2RVTVZvZjhYIiwiMjAyNi0wNy0xMSJd
3cpU8EdbAdwyE98mBBnN,PVSYXAXaSz9rqGa5MFFw,create,SAFE_CURRENT_ENROLLMENT,active,2026-07-15,2026-09-09,WyIzY3BVOEVkYkFkd3lFOThtQkJuTiIsIlBWU1lYQVhhU3o5cnFHYTVNRkZ3IiwiMjAyNi0wNy0xNSJd
3mAsJ3pZRjeIjLAVrnUD,htDI41OT3fXxmNWfnknT,exclude,EXISTING_ENROLLMENT,,,,
3md7dnJ3tH3H9HnoweFl,RI6vRY14dJtwLSpdy1Bc,exclude,EXISTING_ENROLLMENT,,,,
3PYoRbI0eHjTBoHqXVf4,lYMDImfr5T7qBTEXcmSW,create,SAFE_CURRENT_ENROLLMENT,active,2026-07-12,2026-08-31,WyIzUFlvUmJJMGVIalRCb0hxWFZmNCIsImxZTURJbWZyNVQ3cUJURVhjbVNXIiwiMjAyNi0wNy0xMiJd
3TBOw4zYpfFekWXNkKHL,7Fxj71SvCY5SSGACTZ8C,exclude,EXISTING_ENROLLMENT,,,,
3tSAPzEK49EjbsZaNjZ1,vNK2ADOv5VCXhP3Q2sOg,create,SAFE_CURRENT_ENROLLMENT,active,2026-07-16,2026-09-08,WyIzdFNBUHpFSzQ5RWpic1phTmpaMSIsInZOSzJBRE92NVZDWGhQM1Eyc09nIiwiMjAyNi0wNy0xNiJd
3YokjR5BFAqFNkW9mPsZ,mxZlZe2CtUrOvjYhuwvi,create,SAFE_CURRENT_ENROLLMENT,active,2026-06-22,2026-08-16,WyIzWW9ralI1QkZBcUZOa1c5bVBzWiIsIm14WmxaZTJDdFVyT3ZqWWh1d3ZpIiwiMjAyNi0wNi0yMiJd
3YRndBoON7XRkFRkgbRp,6GmA0pfCfbyeUmHYcT2D,exclude,NON_CURRENT_STATUS,,,,
3z1ctWbB8zoxUiK4Pxuh,WqLGvTj9Kft3C69PU08V,exclude,ENDED_CLASS,,,,
40LuzdSymM5Tb4bjJBj0,XXTe0dcLydenBbhXkIHF,create,SAFE_CURRENT_ENROLLMENT,active,2026-06-20,2026-08-09,WyI0MEx1emRTeW1NNVRiNGJqSkJqMCIsIlhYVGUwZGNMeWRlbkJiaFhrSUhGIiwiMjAyNi0wNi0yMCJd
42DjKQ0LRk4UQvmlC4rp,b6GS6Dg5npzK3y2iRpbs,create,SAFE_CURRENT_ENROLLMENT,active,2026-07-02,2026-08-25,WyI0MkRqS1EwTFJrNFVRdm1sQzRycCIsImI2R1M2RGc1bnB6SzN5MmlScGJzIiwiMjAyNi0wNy0wMiJd
4fG3hlMzvMXac00bPI8B,vNK2ADOv5VCXhP3Q2sOg,create,SAFE_CURRENT_ENROLLMENT,active,2026-07-16,2026-09-08,WyI0ZkczaGxNenZNWGFjMDBiUEk4QiIsInZOSzJBRE92NVZDWGhQM1Eyc09nIiwiMjAyNi0wNy0xNiJd
4KBR1IX2JgBZtjD5Moja,NQ1K3m1shKBZJSVegPme,exclude,EXISTING_ENROLLMENT,,,,
4N5A5h40eawu31Yudlr9,htDI41OT3fXxmNWfnknT,exclude,EXISTING_ENROLLMENT,,,,
4OatL1rIV5JFexfvuVDV,fLTQJCJuhG9JhJZBJxYb,create,SAFE_CURRENT_ENROLLMENT,active,2026-07-06,2026-08-26,WyI0T2F0TDFySVY1SkZleGZ2dVZEViIsImZMVFFKQ0p1aEc5SmhKWkJKeFliIiwiMjAyNi0wNy0wNiJd
4pRIwCWz27kwJ7HZsfNV,71GVOT1409eW8tTLpPuE,exclude,EXISTING_ENROLLMENT,,,,
4Q7ytxRLwb1WvLbTYlVJ,bfKk4jq9TBB9vlnB4TjH,create,SAFE_CURRENT_ENROLLMENT,active,2026-07-10,2026-09-04,WyI0UTd5dHhSTHdiMVd2TGJUWWxWSiIsImJmS2s0anE5VEJCOXZsbkI0VGpIIiwiMjAyNi0wNy0xMCJd
4SKkHUCH6a5RgUVnu5LO,71GVOT1409eW8tTLpPuE,exclude,EXISTING_ENROLLMENT,,,,
4VWCK6JsQfKc01fwmzYw,bfKk4jq9TBB9vlnB4TjH,create,SAFE_CURRENT_ENROLLMENT,active,2026-07-10,2026-09-04,WyI0VldDSzZKc1FmS2MwMWZ3bXpZdyIsImJmS2s0anE5VEJCOXZsbkI0VGpIIiwiMjAyNi0wNy0xMCJd
4Zlq6kanDXcoZG8PlMJt,xfrcmqXG5Eq8k0HsK7ip,create,SAFE_CURRENT_ENROLLMENT,active,2026-07-24,2026-09-12,WyI0WmxxNmthbkRYY29aRzhQbE1KdCIsInhmcmNtcVhHNUVxOGswSHNLN2lwIiwiMjAyNi0wNy0yNCJd
4ZOnT3blyNc7Xp40frj6,vNK2ADOv5VCXhP3Q2sOg,create,SAFE_CURRENT_ENROLLMENT,active,2026-07-16,2026-09-08,WyI0Wk9uVDNibHlOYzdYcDQwZnJqNiIsInZOSzJBRE92NVZDWGhQM1Eyc09nIiwiMjAyNi0wNy0xNiJd
4zrjwl0BmCiwpPEa8qE2,KrranixViHUAu0AGnohg,create,SAFE_CURRENT_ENROLLMENT,active,2026-07-04,2026-08-23,WyI0enJqd2wwQm1DaXdwUEVhOHFFMiIsIktycmFuaXhWaUhVQXUwQUdub2hnIiwiMjAyNi0wNy0wNCJd
55OuJNC46KVVPhK7zNo5,fLTQJCJuhG9JhJZBJxYb,create,SAFE_CURRENT_ENROLLMENT,active,2026-07-06,2026-08-26,WyI1NU91Sk5DNDZLVlZQaEs3ek5vNSIsImZMVFFKQ0p1aEc5SmhKWkJKeFliIiwiMjAyNi0wNy0wNiJd
5g9pL8su6oTJPP8b9aPu,ScflKHWUpRh4aVD7zCXr,create,SAFE_CURRENT_ENROLLMENT,on_leave,2026-07-20,2026-09-13,WyI1ZzlwTDhzdTZvVEpQUDhiOWFQdSIsIlNjZmxLSFdVcFJoNGFWRDd6Q1hyIiwiMjAyNi0wNy0yMCJd
5LTWWEdCEbECG1WFb1Gh,NQ1K3m1shKBZJSVegPme,exclude,EXISTING_ENROLLMENT,,,,
5mSP1ErrDILWT5dJ1Wzr,bfKk4jq9TBB9vlnB4TjH,create,SAFE_CURRENT_ENROLLMENT,active,2026-07-10,2026-09-04,WyI1bVNQMUVyckRJTFdUNWRKMVd6ciIsImJmS2s0anE5VEJCOXZsbkI0VGpIIiwiMjAyNi0wNy0xMCJd
5N6iIBkAbBs1G4GvI1BU,2GIu9f1T94IoMFu7F6Ye,exclude,NON_CURRENT_STATUS,,,,
5rffxIYNu35fguR12cU5,mxZlZe2CtUrOvjYhuwvi,create,SAFE_CURRENT_ENROLLMENT,active,2026-06-22,2026-08-16,WyI1cmZmeElZTnUzNWZndVIxMmNVNSIsIm14WmxaZTJDdFVyT3ZqWWh1d3ZpIiwiMjAyNi0wNi0yMiJd
5rMA7XnWjzg86WWfn628,WTZAYh5srIEDgPEDjzwn,exclude,EXISTING_ENROLLMENT,,,,
5XA1G6yd2epMIadEAzZc,DRjcUgJIng8OdUMVof8X,create,SAFE_CURRENT_ENROLLMENT,active,2026-07-11,2026-08-30,WyI1WEExRzZ5ZDJlcE1JYWRFQXpaYyIsIkRSamNVZ0pJbmc4T2RVTVZvZjhYIiwiMjAyNi0wNy0xMSJd
5yEU1FnVHE7YQOZWm9So,7Fxj71SvCY5SSGACTZ8C,exclude,EXISTING_ENROLLMENT,,,,
62uJX1WROrqjSyjjby1I,8gRFsTVLErsXTi2DbRyD,exclude,EXISTING_ENROLLMENT,,,,
6Clv6uLDmTtEtUSXOffB,MbEjkY4bZPvUt9ykRpPu,exclude,ENDED_CLASS,,,,
6JjZgRq7m8lrC55gqLLo,ERCRTO9edy422YC37xiy,create,SAFE_CURRENT_ENROLLMENT,active,2026-07-11,2026-08-30,WyI2SmpaZ1JxN204bHJDNTVncUxMbyIsIkVSQ1JUTzllZHk0MjJZQzM3eGl5IiwiMjAyNi0wNy0xMSJd
6L1bkGMikDsNzWt07vSP,6GmA0pfCfbyeUmHYcT2D,exclude,NON_CURRENT_STATUS,,,,
6mR5Q0Eioe9Xb4XkheV5,AnxnD92cSGEYTMqhNFw5,create,SAFE_CURRENT_ENROLLMENT,active,2026-07-22,2026-09-16,WyI2bVI1UTBFaW9lOVhiNFhraGVWNSIsIkFueG5EOTJjU0dFWVRNcWhORnc1IiwiMjAyNi0wNy0yMiJd
6QBY4mOjJvXAuq0F14T9,XXTe0dcLydenBbhXkIHF,create,SAFE_CURRENT_ENROLLMENT,active,2026-06-20,2026-08-09,WyI2UUJZNG1Pakp2WEF1cTBGMTRUOSIsIlhYVGUwZGNMeWRlbkJiaFhrSUhGIiwiMjAyNi0wNi0yMCJd
6t7ZYYQW67omwe9uePSB,KrranixViHUAu0AGnohg,create,SAFE_CURRENT_ENROLLMENT,active,2026-07-04,2026-08-23,WyI2dDdaWVlRVzY3b213ZTl1ZVBTQiIsIktycmFuaXhWaUhVQXUwQUdub2hnIiwiMjAyNi0wNy0wNCJd
6udByP6VWLVjjEP3Vc5v,PVSYXAXaSz9rqGa5MFFw,create,SAFE_CURRENT_ENROLLMENT,on_leave,2026-07-15,2026-09-09,WyI2dWRCeVA2VldMVmpqRVAzVmM1diIsIlBWU1lYQVhhU3o5cnFHYTVNRkZ3IiwiMjAyNi0wNy0xNSJd
6v0v25C3GmZWt6EeHnpP,71GVOT1409eW8tTLpPuE,exclude,EXISTING_ENROLLMENT,,,,
6YPUMQNPR55GstW7sXtU,YEGhVcj27boYOrEf2iSE,exclude,NON_CURRENT_STATUS,,,,
70tZE5Q6fLHvOWeRq8CI,DPZ0ENoAC52canMi03Dr,create,SAFE_CURRENT_ENROLLMENT,active,2026-07-12,2026-09-05,WyI3MHRaRTVRNmZMSHZPV2VScThDSSIsIkRQWjBFTm9BQzUyY2FuTWkwM0RyIiwiMjAyNi0wNy0xMiJd
74drlA8gP91rNyfQQ77Y,aoaDsr3lgBvSj211VCkJ,exclude,EXISTING_ENROLLMENT,,,,
75bstvOMKvxaUDx5RLgI,VWLk5yClGPg6muM1vBXa,create,SAFE_CURRENT_ENROLLMENT,active,2026-06-30,2026-08-20,WyI3NWJzdHZPTUt2eGFVRHg1UkxnSSIsIlZXTGs1eUNsR1BnNm11TTF2QlhhIiwiMjAyNi0wNi0zMCJd
7aqIXfv2MgoyKAO8PQWK,tGtoavV6esqgyuTMKVUf,create,SAFE_CURRENT_ENROLLMENT,active,2026-07-05,2026-08-29,WyI3YXFJWGZ2Mk1nb3lLQU84UFFXSyIsInRHdG9hdlY2ZXNxZ3l1VE1LVlVmIiwiMjAyNi0wNy0wNSJd
7iBEDKZA69FEDZR3wX6N,Z8oeO9IN5H3lsV6IOAoH,exclude,NON_CURRENT_STATUS,,,,
7kImoy6B0B5frTLG4d2v,FigsTfwBAQzGlLBxfU2u,exclude,EXISTING_ENROLLMENT,,,,
7KQIbDC9FhJrkg3E1OkO,eIcP0Zb20aitPkMA9uFs,exclude,EXISTING_ENROLLMENT,,,,
7PNAFCY0OIfProO7VZx2,XXTe0dcLydenBbhXkIHF,create,SAFE_CURRENT_ENROLLMENT,active,2026-06-20,2026-08-09,WyI3UE5BRkNZME9JZlByb083Vlp4MiIsIlhYVGUwZGNMeWRlbkJiaFhrSUhGIiwiMjAyNi0wNi0yMCJd
7rqiJZKI7fjUNw0MGH59,LMpRvmwnanq28ftRLvP3,exclude,NON_CURRENT_STATUS,,,,
7Wwyfnpw0QO6Bpz7y0Bq,pAKl7xpSLd1atr3eRofo,create,SAFE_CURRENT_ENROLLMENT,active,2026-06-23,2026-08-13,WyI3V3d5Zm5wdzBRTzZCcHo3eTBCcSIsInBBS2w3eHBTTGQxYXRyM2VSb2ZvIiwiMjAyNi0wNi0yMyJd
7x7vizcjl8ObOwP2PwPW,KrranixViHUAu0AGnohg,create,SAFE_CURRENT_ENROLLMENT,active,2026-07-04,2026-08-23,WyI3eDd2aXpjamw4T2JPd1AyUHdQVyIsIktycmFuaXhWaUhVQXUwQUdub2hnIiwiMjAyNi0wNy0wNCJd
803l1jPS99rsUh2IwaRY,dIEGKNxQyAS4uRtQmnPq,create,SAFE_CURRENT_ENROLLMENT,active,2026-07-13,2026-09-06,WyI4MDNsMWpQUzk5cnNVaDJJd2FSWSIsImRJRUdLTnhReUFTNHVSdFFtblBxIiwiMjAyNi0wNy0xMyJd
8aS0jUEsj8yxyikUe2l1,YEGhVcj27boYOrEf2iSE,exclude,NON_CURRENT_STATUS,,,,
8nMqbR9evx45BKPyhNyt,htDI41OT3fXxmNWfnknT,exclude,EXISTING_ENROLLMENT,,,,
8s9jXxZkSdATt5Ezizor,FigsTfwBAQzGlLBxfU2u,exclude,EXISTING_ENROLLMENT,,,,
8uXRfax2RNVq3v0HI6JT,tGtoavV6esqgyuTMKVUf,create,SAFE_CURRENT_ENROLLMENT,active,2026-07-05,2026-08-29,WyI4dVhSZmF4MlJOVnEzdjBISTZKVCIsInRHdG9hdlY2ZXNxZ3l1VE1LVlVmIiwiMjAyNi0wNy0wNSJd
8V24p7VrP4T83OFCsiY8,htDI41OT3fXxmNWfnknT,exclude,EXISTING_ENROLLMENT,,,,
8zPcqAKCUmRCa4eYupwV,vNK2ADOv5VCXhP3Q2sOg,create,SAFE_CURRENT_ENROLLMENT,active,2026-07-16,2026-09-08,WyI4elBjcUFLQ1VtUkNhNGVZdXB3ViIsInZOSzJBRE92NVZDWGhQM1Eyc09nIiwiMjAyNi0wNy0xNiJd
8ZuVRPEnOqrB7vy4t0J3,lmCjwxAFU0oXzXSBdjW8,exclude,EXISTING_ENROLLMENT,,,,
915AQlI2Rm7ixbqteK87,htDI41OT3fXxmNWfnknT,exclude,EXISTING_ENROLLMENT,,,,
95xZaZl0O3iN2LHuWIwe,ERCRTO9edy422YC37xiy,create,SAFE_CURRENT_ENROLLMENT,active,2026-07-11,2026-08-30,WyI5NXhaYVpsME8zaU4yTEh1V0l3ZSIsIkVSQ1JUTzllZHk0MjJZQzM3eGl5IiwiMjAyNi0wNy0xMSJd
98AUfOHpY7fN4fxMP1HN,waoUqyi2aZ00NKgIcbIf,exclude,NON_CURRENT_STATUS,,,,
9D2F90nbAams2qSky8vm,ERCRTO9edy422YC37xiy,create,SAFE_CURRENT_ENROLLMENT,active,2026-07-11,2026-08-30,WyI5RDJGOTBuYkFhbXMycVNreTh2bSIsIkVSQ1JUTzllZHk0MjJZQzM3eGl5IiwiMjAyNi0wNy0xMSJd
9gxClCJ84hL9oeMDuMEQ,bfKk4jq9TBB9vlnB4TjH,exclude,EXISTING_ENROLLMENT,,,,
9qGXuzuIN2aNUIfh7FOb,eIcP0Zb20aitPkMA9uFs,exclude,EXISTING_ENROLLMENT,,,,
9sUfWp5CuOPDIl4XFu6c,bfKk4jq9TBB9vlnB4TjH,create,SAFE_CURRENT_ENROLLMENT,active,2026-07-10,2026-09-04,WyI5c1VmV3A1Q3VPUERJbDRYRnU2YyIsImJmS2s0anE5VEJCOXZsbkI0VGpIIiwiMjAyNi0wNy0xMCJd
9WlloV2zlsZcaGS2kSTe,bfKk4jq9TBB9vlnB4TjH,create,SAFE_CURRENT_ENROLLMENT,active,2026-07-10,2026-09-04,WyI5V2xsb1YyemxzWmNhR1Mya1NUZSIsImJmS2s0anE5VEJCOXZsbkI0VGpIIiwiMjAyNi0wNy0xMCJd
9WsOLaUELrrAmjhBMmyR,waoUqyi2aZ00NKgIcbIf,exclude,NON_CURRENT_STATUS,,,,
9xTFsyU1dZ17xrrT3R6v,MbEjkY4bZPvUt9ykRpPu,exclude,ENDED_CLASS,,,,
9YcQq50qNUxxCXCUyNoE,XXTe0dcLydenBbhXkIHF,create,SAFE_CURRENT_ENROLLMENT,active,2026-06-20,2026-08-09,WyI5WWNRcTUwcU5VeHhDWENVeU5vRSIsIlhYVGUwZGNMeWRlbkJiaFhrSUhGIiwiMjAyNi0wNi0yMCJd
A2EJWXSdfou0gupurFkL,XXTe0dcLydenBbhXkIHF,create,SAFE_CURRENT_ENROLLMENT,active,2026-06-20,2026-08-09,WyJBMkVKV1hTZGZvdTBndXB1ckZrTCIsIlhYVGUwZGNMeWRlbkJiaFhrSUhGIiwiMjAyNi0wNi0yMCJd
a9UrWWRC91wAZiQld44S,WqLGvTj9Kft3C69PU08V,exclude,ENDED_CLASS,,,,
AAGAgn0PlMU4gdTp1KzY,ERCRTO9edy422YC37xiy,exclude,NON_CURRENT_STATUS,,,,
aclIR20ybw8mKhu4wZpu,pAKl7xpSLd1atr3eRofo,create,SAFE_CURRENT_ENROLLMENT,on_leave,2026-06-23,2026-08-13,WyJhY2xJUjIweWJ3OG1LaHU0d1pwdSIsInBBS2w3eHBTTGQxYXRyM2VSb2ZvIiwiMjAyNi0wNi0yMyJd
aDE1efiPJvFRZuEA3vAF,tGtoavV6esqgyuTMKVUf,create,SAFE_CURRENT_ENROLLMENT,active,2026-07-05,2026-08-29,WyJhREUxZWZpUEp2RlJadUVBM3ZBRiIsInRHdG9hdlY2ZXNxZ3l1VE1LVlVmIiwiMjAyNi0wNy0wNSJd
AiYX30mvzv01n3JLQPzV,AnxnD92cSGEYTMqhNFw5,exclude,EXISTING_ENROLLMENT,,,,
AJgnw9xnYI9cf7JWoeXb,2GIu9f1T94IoMFu7F6Ye,exclude,NON_CURRENT_STATUS,,,,
AkzVu4e3uSMZQO6jWgNG,b6GS6Dg5npzK3y2iRpbs,exclude,NON_CURRENT_STATUS,,,,
alNs971kR22ENZjoBc05,mxZlZe2CtUrOvjYhuwvi,create,SAFE_CURRENT_ENROLLMENT,active,2026-06-22,2026-08-16,WyJhbE5zOTcxa1IyMkVOWmpvQmMwNSIsIm14WmxaZTJDdFVyT3ZqWWh1d3ZpIiwiMjAyNi0wNi0yMiJd
am3DeCyS4zFLlzHIH8H1,AnxnD92cSGEYTMqhNFw5,create,SAFE_CURRENT_ENROLLMENT,active,2026-07-22,2026-09-16,WyJhbTNEZUN5UzR6RkxsekhJSDhIMSIsIkFueG5EOTJjU0dFWVRNcWhORnc1IiwiMjAyNi0wNy0yMiJd
anBJsoKnQ54EIVoP7Apf,RI6vRY14dJtwLSpdy1Bc,exclude,EXISTING_ENROLLMENT,,,,
AP9RP6pCGJxUpasM9sJ8,eHaGs0lAu2GqMWW2i19N,exclude,NON_CURRENT_STATUS,,,,
aPmcQseIVBDVN6Fs9gjW,KrranixViHUAu0AGnohg,create,SAFE_CURRENT_ENROLLMENT,active,2026-07-04,2026-08-23,WyJhUG1jUXNlSVZCRFZONkZzOWdqVyIsIktycmFuaXhWaUhVQXUwQUdub2hnIiwiMjAyNi0wNy0wNCJd
aqHkOvXCvZ9JbBE9aaBX,ScflKHWUpRh4aVD7zCXr,create,SAFE_CURRENT_ENROLLMENT,active,2026-07-20,2026-09-13,WyJhcUhrT3ZYQ3ZaOUpiQkU5YWFCWCIsIlNjZmxLSFdVcFJoNGFWRDd6Q1hyIiwiMjAyNi0wNy0yMCJd
aqMYtC3GOJPxj650mScT,VWLk5yClGPg6muM1vBXa,create,SAFE_CURRENT_ENROLLMENT,active,2026-06-30,2026-08-20,WyJhcU1ZdEMzR09KUHhqNjUwbVNjVCIsIlZXTGs1eUNsR1BnNm11TTF2QlhhIiwiMjAyNi0wNi0zMCJd
AqzNUbr0qhnho0lUypBt,7Fxj71SvCY5SSGACTZ8C,exclude,EXISTING_ENROLLMENT,,,,
Ar2rtkqxYZCW1b3l9lGD,187uCU8mzdnrWpziZrDe,create,SAFE_CURRENT_ENROLLMENT,active,2026-07-08,2026-08-28,WyJBcjJydGtxeFlaQ1cxYjNsOWxHRCIsIjE4N3VDVThtemRucldwemlackRlIiwiMjAyNi0wNy0wOCJd
aRv9tm2coQa22PI8i5wr,LMpRvmwnanq28ftRLvP3,exclude,NON_CURRENT_STATUS,,,,
AZuOa87UkncpcFSgVcam,NQ1K3m1shKBZJSVegPme,exclude,EXISTING_ENROLLMENT,,,,
b4p7vsLRDyMcvRer8ge5,tGtoavV6esqgyuTMKVUf,create,SAFE_CURRENT_ENROLLMENT,active,2026-07-05,2026-08-29,WyJiNHA3dnNMUkR5TWN2UmVyOGdlNSIsInRHdG9hdlY2ZXNxZ3l1VE1LVlVmIiwiMjAyNi0wNy0wNSJd
B62GXI7wZyrDeuUqyTPI,71GVOT1409eW8tTLpPuE,exclude,EXISTING_ENROLLMENT,,,,
b9C4QhZ1h7qQEFp8ChId,187uCU8mzdnrWpziZrDe,create,SAFE_CURRENT_ENROLLMENT,active,2026-07-08,2026-08-28,WyJiOUM0UWhaMWg3cVFFRnA4Q2hJZCIsIjE4N3VDVThtemRucldwemlackRlIiwiMjAyNi0wNy0wOCJd
BBliUhAykP6gL0YDtYp4,DRjcUgJIng8OdUMVof8X,create,SAFE_CURRENT_ENROLLMENT,active,2026-07-11,2026-08-30,WyJCQmxpVWhBeWtQNmdMMFlEdFlwNCIsIkRSamNVZ0pJbmc4T2RVTVZvZjhYIiwiMjAyNi0wNy0xMSJd
bC3N8ZgEpwMUgBlgiEPw,DRjcUgJIng8OdUMVof8X,create,SAFE_CURRENT_ENROLLMENT,active,2026-07-11,2026-08-30,WyJiQzNOOFpnRXB3TVVnQmxnaUVQdyIsIkRSamNVZ0pJbmc4T2RVTVZvZjhYIiwiMjAyNi0wNy0xMSJd
bCvdR8tMIEBJPhD1bsjz,ERCRTO9edy422YC37xiy,create,SAFE_CURRENT_ENROLLMENT,active,2026-07-11,2026-08-30,WyJiQ3ZkUjh0TUlFQkpQaEQxYnNqeiIsIkVSQ1JUTzllZHk0MjJZQzM3eGl5IiwiMjAyNi0wNy0xMSJd
BDLvoGlI3fJYk75sdekK,NQ1K3m1shKBZJSVegPme,exclude,EXISTING_ENROLLMENT,,,,
BEyTgzSdq1JSAV9XDnNG,WqLGvTj9Kft3C69PU08V,exclude,ENDED_CLASS,,,,
BFJVpvI1PQhBbIRwREcH,AnxnD92cSGEYTMqhNFw5,exclude,NON_CURRENT_STATUS,,,,
BFODDM9lUqscBzSjgFho,waoUqyi2aZ00NKgIcbIf,exclude,NON_CURRENT_STATUS,,,,
BGInNRNarPjAggsedtH6,DRjcUgJIng8OdUMVof8X,create,SAFE_CURRENT_ENROLLMENT,active,2026-07-11,2026-08-30,WyJCR0luTlJOYXJQakFnZ3NlZHRINiIsIkRSamNVZ0pJbmc4T2RVTVZvZjhYIiwiMjAyNi0wNy0xMSJd
bGW4yEuhslIPrCC1U5hf,bfKk4jq9TBB9vlnB4TjH,create,SAFE_CURRENT_ENROLLMENT,active,2026-07-10,2026-09-04,WyJiR1c0eUV1aHNsSVByQ0MxVTVoZiIsImJmS2s0anE5VEJCOXZsbkI0VGpIIiwiMjAyNi0wNy0xMCJd
Bifj6U7m6JJCMvKVjT18,AnxnD92cSGEYTMqhNFw5,create,SAFE_CURRENT_ENROLLMENT,active,2026-07-22,2026-09-16,WyJCaWZqNlU3bTZKSkNNdktWalQxOCIsIkFueG5EOTJjU0dFWVRNcWhORnc1IiwiMjAyNi0wNy0yMiJd
bivezj8uY40U4aGPaEr3,YEGhVcj27boYOrEf2iSE,exclude,NON_CURRENT_STATUS,,,,
Bl9RS6n7aRZuuAYMLUil,DRjcUgJIng8OdUMVof8X,create,SAFE_CURRENT_ENROLLMENT,active,2026-07-11,2026-08-30,WyJCbDlSUzZuN2FSWnV1QVlNTFVpbCIsIkRSamNVZ0pJbmc4T2RVTVZvZjhYIiwiMjAyNi0wNy0xMSJd
BnSqXgBxpjXSASskzHlY,lmCjwxAFU0oXzXSBdjW8,exclude,EXISTING_ENROLLMENT,,,,
BPMIjAjgsHaPIDoiK39l,xfrcmqXG5Eq8k0HsK7ip,create,SAFE_CURRENT_ENROLLMENT,on_leave,2026-07-24,2026-09-12,WyJCUE1JakFqZ3NIYVBJRG9pSzM5bCIsInhmcmNtcVhHNUVxOGswSHNLN2lwIiwiMjAyNi0wNy0yNCJd
BpZknrl6ffi2s9SqIyBM,8gRFsTVLErsXTi2DbRyD,create,SAFE_CURRENT_ENROLLMENT,active,2026-06-28,2026-08-22,WyJCcFprbnJsNmZmaTJzOVNxSXlCTSIsIjhnUkZzVFZMRXJzWFRpMkRiUnlEIiwiMjAyNi0wNi0yOCJd
bQaUWqBS2Ul9xpkjMsNq,NQ1K3m1shKBZJSVegPme,exclude,EXISTING_ENROLLMENT,,,,
bRcXYko9vn3w0RmVHgzD,7Fxj71SvCY5SSGACTZ8C,exclude,NON_CURRENT_STATUS,,,,
bs60VrltrWgwb0hi3xDV,htDI41OT3fXxmNWfnknT,exclude,EXISTING_ENROLLMENT,,,,
Bu1h7WRa1r6X0cAJYNsg,ERCRTO9edy422YC37xiy,exclude,NON_CURRENT_STATUS,,,,
BvbwjF0LZ0gOeqSBmD13,WqLGvTj9Kft3C69PU08V,exclude,ENDED_CLASS,,,,
bWvz0gPPbqN3gmBUOqE7,eIcP0Zb20aitPkMA9uFs,exclude,EXISTING_ENROLLMENT,,,,
BYRRySidmNnDwDJrrmB0,pAKl7xpSLd1atr3eRofo,create,SAFE_CURRENT_ENROLLMENT,active,2026-06-23,2026-08-13,WyJCWVJSeVNpZG1ObkR3REpycm1CMCIsInBBS2w3eHBTTGQxYXRyM2VSb2ZvIiwiMjAyNi0wNi0yMyJd
BZ3316Grlgf2DQbGZwB3,PVSYXAXaSz9rqGa5MFFw,create,SAFE_CURRENT_ENROLLMENT,active,2026-07-15,2026-09-09,WyJCWjMzMTZHcmxnZjJEUWJHWndCMyIsIlBWU1lYQVhhU3o5cnFHYTVNRkZ3IiwiMjAyNi0wNy0xNSJd
c8EylH96fwo51pxwT1cZ,b6GS6Dg5npzK3y2iRpbs,create,SAFE_CURRENT_ENROLLMENT,active,2026-07-02,2026-08-25,WyJjOEV5bEg5NmZ3bzUxcHh3VDFjWiIsImI2R1M2RGc1bnB6SzN5MmlScGJzIiwiMjAyNi0wNy0wMiJd
caUlXnPBKe3BAmSU6keB,vNK2ADOv5VCXhP3Q2sOg,create,SAFE_CURRENT_ENROLLMENT,active,2026-07-16,2026-09-08,WyJjYVVsWG5QQktlM0JBbVNVNmtlQiIsInZOSzJBRE92NVZDWGhQM1Eyc09nIiwiMjAyNi0wNy0xNiJd
CjvF9JqchHzGIURWiq8v,bfKk4jq9TBB9vlnB4TjH,exclude,EXISTING_ENROLLMENT,,,,
CNPowd5DnlkELs9Lz6TZ,tGtoavV6esqgyuTMKVUf,create,SAFE_CURRENT_ENROLLMENT,active,2026-07-05,2026-08-29,WyJDTlBvd2Q1RG5sa0VMczlMejZUWiIsInRHdG9hdlY2ZXNxZ3l1VE1LVlVmIiwiMjAyNi0wNy0wNSJd
CnTlndzOR9hpiSF4s4pG,ERCRTO9edy422YC37xiy,create,SAFE_CURRENT_ENROLLMENT,active,2026-07-11,2026-08-30,WyJDblRsbmR6T1I5aHBpU0Y0czRwRyIsIkVSQ1JUTzllZHk0MjJZQzM3eGl5IiwiMjAyNi0wNy0xMSJd
COZQ0VKGs8VO6kFIB7o1,xfrcmqXG5Eq8k0HsK7ip,create,SAFE_CURRENT_ENROLLMENT,active,2026-07-24,2026-09-12,WyJDT1pRMFZLR3M4Vk82a0ZJQjdvMSIsInhmcmNtcVhHNUVxOGswSHNLN2lwIiwiMjAyNi0wNy0yNCJd
cpOZPgSFtkeKHBVr616X,vNK2ADOv5VCXhP3Q2sOg,create,SAFE_CURRENT_ENROLLMENT,active,2026-07-16,2026-09-08,WyJjcE9aUGdTRnRrZUtIQlZyNjE2WCIsInZOSzJBRE92NVZDWGhQM1Eyc09nIiwiMjAyNi0wNy0xNiJd
csl0flGGpzyjZZG8tzSY,RI6vRY14dJtwLSpdy1Bc,exclude,EXISTING_ENROLLMENT,,,,
cSZ44p2chbKh4o0Jt7CS,PVSYXAXaSz9rqGa5MFFw,create,SAFE_CURRENT_ENROLLMENT,active,2026-07-15,2026-09-09,WyJjU1o0NHAyY2hiS2g0bzBKdDdDUyIsIlBWU1lYQVhhU3o5cnFHYTVNRkZ3IiwiMjAyNi0wNy0xNSJd
cWNn97S6KnU0vgaWYSxT,ERCRTO9edy422YC37xiy,create,SAFE_CURRENT_ENROLLMENT,active,2026-07-11,2026-08-30,WyJjV05uOTdTNktuVTB2Z2FXWVN4VCIsIkVSQ1JUTzllZHk0MjJZQzM3eGl5IiwiMjAyNi0wNy0xMSJd
CxiAesrBaOgIufy72KB7,ERCRTO9edy422YC37xiy,create,SAFE_CURRENT_ENROLLMENT,active,2026-07-11,2026-08-30,WyJDeGlBZXNyQmFPZ0l1Znk3MktCNyIsIkVSQ1JUTzllZHk0MjJZQzM3eGl5IiwiMjAyNi0wNy0xMSJd
CXOXGkGQs1N0g0tUo37h,waoUqyi2aZ00NKgIcbIf,exclude,NON_CURRENT_STATUS,,,,
cYPIp2zjanxwEyrEWbjF,Z8oeO9IN5H3lsV6IOAoH,exclude,NON_CURRENT_STATUS,,,,
cZE5cUe1jUhaAawWwbne,vNK2ADOv5VCXhP3Q2sOg,create,SAFE_CURRENT_ENROLLMENT,active,2026-07-16,2026-09-08,WyJjWkU1Y1VlMWpVaGFBYXdXd2JuZSIsInZOSzJBRE92NVZDWGhQM1Eyc09nIiwiMjAyNi0wNy0xNiJd
cZlJIHLRV06BbZ1LG00s,pAKl7xpSLd1atr3eRofo,create,SAFE_CURRENT_ENROLLMENT,active,2026-06-23,2026-08-13,WyJjWmxKSUhMUlYwNkJiWjFMRzAwcyIsInBBS2w3eHBTTGQxYXRyM2VSb2ZvIiwiMjAyNi0wNi0yMyJd
CzQf5gUHcTwUNT2zcATJ,FigsTfwBAQzGlLBxfU2u,exclude,EXISTING_ENROLLMENT,,,,
cztQjUH2AR9qG1wBbGLE,vNK2ADOv5VCXhP3Q2sOg,create,SAFE_CURRENT_ENROLLMENT,active,2026-07-16,2026-09-08,WyJjenRRalVIMkFSOXFHMXdCYkdMRSIsInZOSzJBRE92NVZDWGhQM1Eyc09nIiwiMjAyNi0wNy0xNiJd
D05GTBKcQEF4DYqUk4Kr,NQ1K3m1shKBZJSVegPme,exclude,EXISTING_ENROLLMENT,,,,
D2htkRq4WfaEQyDvNMIg,tGtoavV6esqgyuTMKVUf,create,SAFE_CURRENT_ENROLLMENT,active,2026-07-05,2026-08-29,WyJEMmh0a1JxNFdmYUVReUR2Tk1JZyIsInRHdG9hdlY2ZXNxZ3l1VE1LVlVmIiwiMjAyNi0wNy0wNSJd
D4fXfXzQ8p5Fzf1AFXoM,vNK2ADOv5VCXhP3Q2sOg,create,SAFE_CURRENT_ENROLLMENT,active,2026-07-16,2026-09-08,WyJENGZYZlh6UThwNUZ6ZjFBRlhvTSIsInZOSzJBRE92NVZDWGhQM1Eyc09nIiwiMjAyNi0wNy0xNiJd
d7OKwyJrUZ0ZLWq3n1i0,71GVOT1409eW8tTLpPuE,exclude,EXISTING_ENROLLMENT,,,,
D8m8UzuK230zzRmI2HZZ,aoaDsr3lgBvSj211VCkJ,exclude,EXISTING_ENROLLMENT,,,,
d8RX50AoTKXsIZJtQ6nx,71GVOT1409eW8tTLpPuE,exclude,EXISTING_ENROLLMENT,,,,
DAxT6geJkB1CmTqc72bp,fLTQJCJuhG9JhJZBJxYb,exclude,EXISTING_ENROLLMENT,,,,
dBfv62uVWLo16DhQeLeK,LMpRvmwnanq28ftRLvP3,exclude,NON_CURRENT_STATUS,,,,
DC51A9NC9IY4sBhCpbqN,XXTe0dcLydenBbhXkIHF,create,SAFE_CURRENT_ENROLLMENT,active,2026-06-20,2026-08-09,WyJEQzUxQTlOQzlJWTRzQmhDcGJxTiIsIlhYVGUwZGNMeWRlbkJiaFhrSUhGIiwiMjAyNi0wNi0yMCJd
dDnt88Dvuo0PLtWHG5Yd,lYMDImfr5T7qBTEXcmSW,create,SAFE_CURRENT_ENROLLMENT,active,2026-07-12,2026-08-31,WyJkRG50ODhEdnVvMFBMdFdIRzVZZCIsImxZTURJbWZyNVQ3cUJURVhjbVNXIiwiMjAyNi0wNy0xMiJd
DdUCUviAdqLAfnmT63g9,htDI41OT3fXxmNWfnknT,exclude,EXISTING_ENROLLMENT,,,,
dGA5YgTg1gxHVH8twlmY,b6GS6Dg5npzK3y2iRpbs,create,SAFE_CURRENT_ENROLLMENT,active,2026-07-02,2026-08-25,WyJkR0E1WWdUZzFneEhWSDh0d2xtWSIsImI2R1M2RGc1bnB6SzN5MmlScGJzIiwiMjAyNi0wNy0wMiJd
DIlfdxS0tWWfDRDgKqeq,MbEjkY4bZPvUt9ykRpPu,exclude,ENDED_CLASS,,,,
DLDO2HkFyIJoGjs4EaHK,aoaDsr3lgBvSj211VCkJ,exclude,EXISTING_ENROLLMENT,,,,
DMGMM4hyYhHpefcq1ff8,eHaGs0lAu2GqMWW2i19N,exclude,NON_CURRENT_STATUS,,,,
doqEYzDKLJe5klsA1w3f,VWLk5yClGPg6muM1vBXa,create,SAFE_CURRENT_ENROLLMENT,active,2026-06-30,2026-08-20,WyJkb3FFWXpES0xKZTVrbHNBMXczZiIsIlZXTGs1eUNsR1BnNm11TTF2QlhhIiwiMjAyNi0wNi0zMCJd
dPR0fEfKh5ku7bpRtU6C,tY5PIISvWwaH4ZL7qGHX,create,SAFE_CURRENT_ENROLLMENT,on_leave,2026-06-13,2026-08-02,WyJkUFIwZkVmS2g1a3U3YnBSdFU2QyIsInRZNVBJSVN2V3dhSDRaTDdxR0hYIiwiMjAyNi0wNi0xMyJd
DqclO1B5G8FcojIE7Gb0,mxZlZe2CtUrOvjYhuwvi,create,SAFE_CURRENT_ENROLLMENT,active,2026-06-22,2026-08-16,WyJEcWNsTzFCNUc4RmNvaklFN0diMCIsIm14WmxaZTJDdFVyT3ZqWWh1d3ZpIiwiMjAyNi0wNi0yMiJd
DUdYpXqembgyXVIkgQwj,6GmA0pfCfbyeUmHYcT2D,exclude,NON_CURRENT_STATUS,,,,
DUERsHXfiOsXo8lbejMC,Z8oeO9IN5H3lsV6IOAoH,exclude,NON_CURRENT_STATUS,,,,
DVK1Wd6eJkiGyK6IXrQ0,VWLk5yClGPg6muM1vBXa,create,SAFE_CURRENT_ENROLLMENT,active,2026-06-30,2026-08-20,WyJEVksxV2Q2ZUpraUd5SzZJWHJRMCIsIlZXTGs1eUNsR1BnNm11TTF2QlhhIiwiMjAyNi0wNi0zMCJd
DWLYUdAreT2zRClf70Mz,8gRFsTVLErsXTi2DbRyD,create,SAFE_CURRENT_ENROLLMENT,active,2026-06-28,2026-08-22,WyJEV0xZVWRBcmVUMnpSQ2xmNzBNeiIsIjhnUkZzVFZMRXJzWFRpMkRiUnlEIiwiMjAyNi0wNi0yOCJd
DwZXLt8CZN2ldrhhcoNh,DPZ0ENoAC52canMi03Dr,create,SAFE_CURRENT_ENROLLMENT,active,2026-07-12,2026-09-05,WyJEd1pYTHQ4Q1pOMmxkcmhoY29OaCIsIkRQWjBFTm9BQzUyY2FuTWkwM0RyIiwiMjAyNi0wNy0xMiJd
E0cBO39b5ZKMvapGllMh,RI6vRY14dJtwLSpdy1Bc,exclude,EXISTING_ENROLLMENT,,,,
e2sqz8mVEl1Vuxr5aCig,dIEGKNxQyAS4uRtQmnPq,create,SAFE_CURRENT_ENROLLMENT,active,2026-07-13,2026-09-06,WyJlMnNxejhtVkVsMVZ1eHI1YUNpZyIsImRJRUdLTnhReUFTNHVSdFFtblBxIiwiMjAyNi0wNy0xMyJd
eb02H33ubMVltbh7n1ob,Z8oeO9IN5H3lsV6IOAoH,exclude,NON_CURRENT_STATUS,,,,
ef0Ni9aUXV2tfK3ltHxT,FigsTfwBAQzGlLBxfU2u,exclude,EXISTING_ENROLLMENT,,,,
EFjCl6Ppp46BOwIU3YLc,pAKl7xpSLd1atr3eRofo,create,SAFE_CURRENT_ENROLLMENT,active,2026-06-23,2026-08-13,WyJFRmpDbDZQcHA0NkJPd0lVM1lMYyIsInBBS2w3eHBTTGQxYXRyM2VSb2ZvIiwiMjAyNi0wNi0yMyJd
eFUWnmMnDCV8kdlqrned,lmCjwxAFU0oXzXSBdjW8,exclude,EXISTING_ENROLLMENT,,,,
Ei2owUNBYON8GPm8nKIG,WqLGvTj9Kft3C69PU08V,exclude,ENDED_CLASS,,,,
eiekRnZT7HwbZw5Bkrez,htDI41OT3fXxmNWfnknT,exclude,EXISTING_ENROLLMENT,,,,
EJiAJ7xCXhxD0fLF6fUk,eHaGs0lAu2GqMWW2i19N,exclude,NON_CURRENT_STATUS,,,,
EO9HihKf3vgRvuq9xnqs,MbEjkY4bZPvUt9ykRpPu,exclude,ENDED_CLASS,,,,
EPXI0IBmtAO7SYXmx9h7,MbEjkY4bZPvUt9ykRpPu,exclude,ENDED_CLASS,,,,
EpXpwDboYfAMjK5vnqHi,7Fxj71SvCY5SSGACTZ8C,exclude,EXISTING_ENROLLMENT,,,,
EsPPo3AzQp6R2TrXSOAX,b6GS6Dg5npzK3y2iRpbs,create,SAFE_CURRENT_ENROLLMENT,active,2026-07-02,2026-08-25,WyJFc1BQbzNBelFwNlIyVHJYU09BWCIsImI2R1M2RGc1bnB6SzN5MmlScGJzIiwiMjAyNi0wNy0wMiJd
eW3CNRoNACaEMkk4L8vV,Z8oeO9IN5H3lsV6IOAoH,exclude,NON_CURRENT_STATUS,,,,
EX4uBkGe4dwdr5SyFv5W,pAKl7xpSLd1atr3eRofo,create,SAFE_CURRENT_ENROLLMENT,active,2026-06-23,2026-08-13,WyJFWDR1QmtHZTRkd2RyNVN5RnY1VyIsInBBS2w3eHBTTGQxYXRyM2VSb2ZvIiwiMjAyNi0wNi0yMyJd
exLVq89mQIKrZh3jfn0N,lmCjwxAFU0oXzXSBdjW8,exclude,EXISTING_ENROLLMENT,,,,
EyCDO8auhIM2HBj378fs,AnxnD92cSGEYTMqhNFw5,create,SAFE_CURRENT_ENROLLMENT,active,2026-07-22,2026-09-16,WyJFeUNETzhhdWhJTTJIQmozNzhmcyIsIkFueG5EOTJjU0dFWVRNcWhORnc1IiwiMjAyNi0wNy0yMiJd
F0TNbfDaQw4HgZWMO65X,PVSYXAXaSz9rqGa5MFFw,create,SAFE_CURRENT_ENROLLMENT,active,2026-07-15,2026-09-09,WyJGMFROYmZEYVF3NEhnWldNTzY1WCIsIlBWU1lYQVhhU3o5cnFHYTVNRkZ3IiwiMjAyNi0wNy0xNSJd
f3QHCmSSYjfDly2WG6a5,LMpRvmwnanq28ftRLvP3,exclude,NON_CURRENT_STATUS,,,,
F45eFitvLlvF2P08lydZ,NQ1K3m1shKBZJSVegPme,exclude,EXISTING_ENROLLMENT,,,,
F4RTgJqfixCd9w1epbaO,lYMDImfr5T7qBTEXcmSW,create,SAFE_CURRENT_ENROLLMENT,active,2026-07-12,2026-08-31,WyJGNFJUZ0pxZml4Q2Q5dzFlcGJhTyIsImxZTURJbWZyNVQ3cUJURVhjbVNXIiwiMjAyNi0wNy0xMiJd
f75MnFntGZR4vvW0BgYw,8gRFsTVLErsXTi2DbRyD,create,SAFE_CURRENT_ENROLLMENT,active,2026-06-28,2026-08-22,WyJmNzVNbkZudEdaUjR2dlcwQmdZdyIsIjhnUkZzVFZMRXJzWFRpMkRiUnlEIiwiMjAyNi0wNi0yOCJd
fFO5K64dM14aoshZhEKM,NQ1K3m1shKBZJSVegPme,exclude,EXISTING_ENROLLMENT,,,,
FG8HEFeyJ2gtpinmcZFJ,fLTQJCJuhG9JhJZBJxYb,create,SAFE_CURRENT_ENROLLMENT,active,2026-07-06,2026-08-26,WyJGRzhIRUZleUoyZ3RwaW5tY1pGSiIsImZMVFFKQ0p1aEc5SmhKWkJKeFliIiwiMjAyNi0wNy0wNiJd
FIbzQOHbsMSmCWQXEneL,MbEjkY4bZPvUt9ykRpPu,exclude,ENDED_CLASS,,,,
Fk1lAw0g46pVOVhAGyxq,vNK2ADOv5VCXhP3Q2sOg,create,SAFE_CURRENT_ENROLLMENT,active,2026-07-16,2026-09-08,WyJGazFsQXcwZzQ2cFZPVmhBR3l4cSIsInZOSzJBRE92NVZDWGhQM1Eyc09nIiwiMjAyNi0wNy0xNiJd
fn73pJ3aKGEJ0zBKNKEU,7Fxj71SvCY5SSGACTZ8C,exclude,EXISTING_ENROLLMENT,,,,
fNN51e6kiZkVK3QhhMda,sFc2NhcpwbmdudLCPpIp,create,SAFE_CURRENT_ENROLLMENT,active,2026-06-27,2026-08-16,WyJmTk41MWU2a2laa1ZLM1FoaE1kYSIsInNGYzJOaGNwd2JtZHVkTENQcElwIiwiMjAyNi0wNi0yNyJd
FoVeP1f3aTnhFxA9UGlw,6GmA0pfCfbyeUmHYcT2D,exclude,NON_CURRENT_STATUS,,,,
FPgXRbnRTm4dstU8ZP5v,vNK2ADOv5VCXhP3Q2sOg,create,SAFE_CURRENT_ENROLLMENT,on_leave,2026-07-16,2026-09-08,WyJGUGdYUmJuUlRtNGRzdFU4WlA1diIsInZOSzJBRE92NVZDWGhQM1Eyc09nIiwiMjAyNi0wNy0xNiJd
FpZ2UECl6U2l5kOXwooT,FigsTfwBAQzGlLBxfU2u,exclude,EXISTING_ENROLLMENT,,,,
fqUhaKcw4Q0C6OZFRblF,WTZAYh5srIEDgPEDjzwn,exclude,EXISTING_ENROLLMENT,,,,
fRfpAeAwTrh5htFHROTX,KrranixViHUAu0AGnohg,create,SAFE_CURRENT_ENROLLMENT,active,2026-07-04,2026-08-23,WyJmUmZwQWVBd1RyaDVodEZIUk9UWCIsIktycmFuaXhWaUhVQXUwQUdub2hnIiwiMjAyNi0wNy0wNCJd
FSemYs17QsZupjknWM02,tGtoavV6esqgyuTMKVUf,create,SAFE_CURRENT_ENROLLMENT,active,2026-07-05,2026-08-29,WyJGU2VtWXMxN1FzWnVwamtuV00wMiIsInRHdG9hdlY2ZXNxZ3l1VE1LVlVmIiwiMjAyNi0wNy0wNSJd
fwMbkedk1OpzhPfAVvfE,187uCU8mzdnrWpziZrDe,create,SAFE_CURRENT_ENROLLMENT,active,2026-07-08,2026-08-28,WyJmd01ia2VkazFPcHpoUGZBVnZmRSIsIjE4N3VDVThtemRucldwemlackRlIiwiMjAyNi0wNy0wOCJd
fyIP0Mb1zXGjtj9lybF8,ERCRTO9edy422YC37xiy,create,SAFE_CURRENT_ENROLLMENT,active,2026-07-11,2026-08-30,WyJmeUlQME1iMXpYR2p0ajlseWJGOCIsIkVSQ1JUTzllZHk0MjJZQzM3eGl5IiwiMjAyNi0wNy0xMSJd
FYtDkm8OmmuJ8iyTew7E,YEGhVcj27boYOrEf2iSE,exclude,NON_CURRENT_STATUS,,,,
FZ6a4OIOcOyhrMxlrg8t,NQ1K3m1shKBZJSVegPme,exclude,EXISTING_ENROLLMENT,,,,
G5gpq1VJH1l1wM3RjdiB,VWLk5yClGPg6muM1vBXa,create,SAFE_CURRENT_ENROLLMENT,active,2026-06-30,2026-08-20,WyJHNWdwcTFWSkgxbDF3TTNSamRpQiIsIlZXTGs1eUNsR1BnNm11TTF2QlhhIiwiMjAyNi0wNi0zMCJd
G63W3G9d8QumJjoxVa5S,Z8oeO9IN5H3lsV6IOAoH,exclude,NON_CURRENT_STATUS,,,,
G8VRi7OEQH6q8W413QjU,ScflKHWUpRh4aVD7zCXr,create,SAFE_CURRENT_ENROLLMENT,active,2026-07-20,2026-09-13,WyJHOFZSaTdPRVFINnE4VzQxM1FqVSIsIlNjZmxLSFdVcFJoNGFWRDd6Q1hyIiwiMjAyNi0wNy0yMCJd
g9XXp1zY7VYh0smEhGG6,AnxnD92cSGEYTMqhNFw5,create,SAFE_CURRENT_ENROLLMENT,active,2026-07-22,2026-09-16,WyJnOVhYcDF6WTdWWWgwc21FaEdHNiIsIkFueG5EOTJjU0dFWVRNcWhORnc1IiwiMjAyNi0wNy0yMiJd
gaxpmZCPY4WOeO5kFjHU,NQ1K3m1shKBZJSVegPme,exclude,EXISTING_ENROLLMENT,,,,
GC87EpbXntGXsD0ioUUn,71GVOT1409eW8tTLpPuE,exclude,EXISTING_ENROLLMENT,,,,
GcRSm6ajX0tQFlvAe7FG,VWLk5yClGPg6muM1vBXa,create,SAFE_CURRENT_ENROLLMENT,active,2026-06-30,2026-08-20,WyJHY1JTbTZhalgwdFFGbHZBZTdGRyIsIlZXTGs1eUNsR1BnNm11TTF2QlhhIiwiMjAyNi0wNi0zMCJd
GDmUhWM9h2E94diGHJLm,Z8oeO9IN5H3lsV6IOAoH,exclude,NON_CURRENT_STATUS,,,,
gFaTv84D40EJ4s4zp9kT,eIcP0Zb20aitPkMA9uFs,exclude,EXISTING_ENROLLMENT,,,,
gHjfTjWaCdiN7PmrqVqZ,LMpRvmwnanq28ftRLvP3,exclude,NON_CURRENT_STATUS,,,,
gLthWoMZjkeegEieklna,vNK2ADOv5VCXhP3Q2sOg,create,SAFE_CURRENT_ENROLLMENT,active,2026-07-16,2026-09-08,WyJnTHRoV29NWmprZWVnRWlla2xuYSIsInZOSzJBRE92NVZDWGhQM1Eyc09nIiwiMjAyNi0wNy0xNiJd
GOd6JN5Cz2KVdzRs1E3O,eHaGs0lAu2GqMWW2i19N,exclude,NON_CURRENT_STATUS,,,,
goPsMpztMwegkUKNR33i,FigsTfwBAQzGlLBxfU2u,exclude,EXISTING_ENROLLMENT,,,,
gpVgzkPbjAGMOzC3kJiL,AnxnD92cSGEYTMqhNFw5,create,SAFE_CURRENT_ENROLLMENT,active,2026-07-22,2026-09-16,WyJncFZnemtQYmpBR01PekMza0ppTCIsIkFueG5EOTJjU0dFWVRNcWhORnc1IiwiMjAyNi0wNy0yMiJd
GpWrpEra550BJ6Dt5qAf,eIcP0Zb20aitPkMA9uFs,exclude,EXISTING_ENROLLMENT,,,,
Gq8QrskTEzZetxTuPjDu,AnxnD92cSGEYTMqhNFw5,create,SAFE_CURRENT_ENROLLMENT,active,2026-07-22,2026-09-16,WyJHcThRcnNrVEV6WmV0eFR1UGpEdSIsIkFueG5EOTJjU0dFWVRNcWhORnc1IiwiMjAyNi0wNy0yMiJd
GSNtpiOtfIc0vCeu9g5Y,htDI41OT3fXxmNWfnknT,exclude,EXISTING_ENROLLMENT,,,,
gTStU8v9zscouDK74b54,mxZlZe2CtUrOvjYhuwvi,exclude,NON_CURRENT_STATUS,,,,
GUad6vips5o2ps7tNaSQ,FigsTfwBAQzGlLBxfU2u,exclude,EXISTING_ENROLLMENT,,,,
GYGLNSsRlv6YIXeN0DVH,sFc2NhcpwbmdudLCPpIp,create,SAFE_CURRENT_ENROLLMENT,active,2026-06-27,2026-08-16,WyJHWUdMTlNzUmx2NllJWGVOMERWSCIsInNGYzJOaGNwd2JtZHVkTENQcElwIiwiMjAyNi0wNi0yNyJd
GYhegdg23k6mUFU096RA,htDI41OT3fXxmNWfnknT,exclude,EXISTING_ENROLLMENT,,,,
gzAY6GqhvKcNrBawITz5,b6GS6Dg5npzK3y2iRpbs,create,SAFE_CURRENT_ENROLLMENT,active,2026-07-02,2026-08-25,WyJnekFZNkdxaHZLY05yQmF3SVR6NSIsImI2R1M2RGc1bnB6SzN5MmlScGJzIiwiMjAyNi0wNy0wMiJd
h0PmtkXqT79vw3Z8l2fh,fLTQJCJuhG9JhJZBJxYb,create,SAFE_CURRENT_ENROLLMENT,active,2026-07-06,2026-08-26,WyJoMFBtdGtYcVQ3OXZ3M1o4bDJmaCIsImZMVFFKQ0p1aEc5SmhKWkJKeFliIiwiMjAyNi0wNy0wNiJd
h2JMNugQc11G9GwcbOyf,WTZAYh5srIEDgPEDjzwn,exclude,EXISTING_ENROLLMENT,,,,
HabCQyCX1F7U5OCPZNaj,mxZlZe2CtUrOvjYhuwvi,create,SAFE_CURRENT_ENROLLMENT,active,2026-06-22,2026-08-16,WyJIYWJDUXlDWDFGN1U1T0NQWk5haiIsIm14WmxaZTJDdFVyT3ZqWWh1d3ZpIiwiMjAyNi0wNi0yMiJd
haqTgtHFjMX3iiCKjD3F,pAKl7xpSLd1atr3eRofo,create,SAFE_CURRENT_ENROLLMENT,active,2026-06-23,2026-08-13,WyJoYXFUZ3RIRmpNWDNpaUNLakQzRiIsInBBS2w3eHBTTGQxYXRyM2VSb2ZvIiwiMjAyNi0wNi0yMyJd
haxS57PbJqgtWJEGjhEr,eIcP0Zb20aitPkMA9uFs,exclude,EXISTING_ENROLLMENT,,,,
hbZiJTotTsV6VER4wGhu,ERCRTO9edy422YC37xiy,exclude,NON_CURRENT_STATUS,,,,
HCxq2Bbli5ckLO4w18oy,XXTe0dcLydenBbhXkIHF,create,SAFE_CURRENT_ENROLLMENT,active,2026-06-20,2026-08-09,WyJIQ3hxMkJibGk1Y2tMTzR3MThveSIsIlhYVGUwZGNMeWRlbkJiaFhrSUhGIiwiMjAyNi0wNi0yMCJd
HECPvz1jhUTKLiIkRr3S,sFc2NhcpwbmdudLCPpIp,create,SAFE_CURRENT_ENROLLMENT,active,2026-06-27,2026-08-16,WyJIRUNQdnoxamhVVEtMaUlrUnIzUyIsInNGYzJOaGNwd2JtZHVkTENQcElwIiwiMjAyNi0wNi0yNyJd
hETCi5TqeaOtEDyzeDYq,htDI41OT3fXxmNWfnknT,exclude,EXISTING_ENROLLMENT,,,,
HfIJ5mPiDc3qVdmPVAc0,71GVOT1409eW8tTLpPuE,exclude,EXISTING_ENROLLMENT,,,,
HfwmG7tjVQT02J9XJvFZ,xfrcmqXG5Eq8k0HsK7ip,exclude,ARCHIVED_STUDENT,,,,
hig1k9wVA3XoXE1meooq,8gRFsTVLErsXTi2DbRyD,create,SAFE_CURRENT_ENROLLMENT,on_leave,2026-06-28,2026-08-22,WyJoaWcxazl3VkEzWG9YRTFtZW9vcSIsIjhnUkZzVFZMRXJzWFRpMkRiUnlEIiwiMjAyNi0wNi0yOCJd
hMxfShwOf6cUjy8XDl8e,PVSYXAXaSz9rqGa5MFFw,create,SAFE_CURRENT_ENROLLMENT,active,2026-07-15,2026-09-09,WyJoTXhmU2h3T2Y2Y1VqeThYRGw4ZSIsIlBWU1lYQVhhU3o5cnFHYTVNRkZ3IiwiMjAyNi0wNy0xNSJd
hOFMG3iAYf6P1V5RR5Y9,b6GS6Dg5npzK3y2iRpbs,create,SAFE_CURRENT_ENROLLMENT,active,2026-07-02,2026-08-25,WyJoT0ZNRzNpQVlmNlAxVjVSUjVZOSIsImI2R1M2RGc1bnB6SzN5MmlScGJzIiwiMjAyNi0wNy0wMiJd
HpR1r48o3IqtFL3pqwvz,MbEjkY4bZPvUt9ykRpPu,exclude,ENDED_CLASS,,,,
hPYmup5pclO5XY2oS110,AnxnD92cSGEYTMqhNFw5,create,SAFE_CURRENT_ENROLLMENT,active,2026-07-22,2026-09-16,WyJoUFltdXA1cGNsTzVYWTJvUzExMCIsIkFueG5EOTJjU0dFWVRNcWhORnc1IiwiMjAyNi0wNy0yMiJd
hRpk8YU3ItqwRrinZ16G,FigsTfwBAQzGlLBxfU2u,exclude,EXISTING_ENROLLMENT,,,,
HRwyPE6wjmcCYsTdiRRs,AnxnD92cSGEYTMqhNFw5,create,SAFE_CURRENT_ENROLLMENT,on_leave,2026-07-22,2026-09-16,WyJIUnd5UEU2d2ptY0NZc1RkaVJScyIsIkFueG5EOTJjU0dFWVRNcWhORnc1IiwiMjAyNi0wNy0yMiJd
hUqjtYdzv4sofQpCcNLc,b6GS6Dg5npzK3y2iRpbs,create,SAFE_CURRENT_ENROLLMENT,active,2026-07-02,2026-08-25,WyJoVXFqdFlkenY0c29mUXBDY05MYyIsImI2R1M2RGc1bnB6SzN5MmlScGJzIiwiMjAyNi0wNy0wMiJd
Hutk1yjYvsRtE2AWBuD5,bfKk4jq9TBB9vlnB4TjH,create,SAFE_CURRENT_ENROLLMENT,on_leave,2026-07-10,2026-09-04,WyJIdXRrMXlqWXZzUnRFMkFXQnVENSIsImJmS2s0anE5VEJCOXZsbkI0VGpIIiwiMjAyNi0wNy0xMCJd
HVwYaHfTNyxbOhsaBJhE,VWLk5yClGPg6muM1vBXa,create,SAFE_CURRENT_ENROLLMENT,active,2026-06-30,2026-08-20,WyJIVndZYUhmVE55eGJPaHNhQkpoRSIsIlZXTGs1eUNsR1BnNm11TTF2QlhhIiwiMjAyNi0wNi0zMCJd
HWxH5phuS5WtgcVFp2Yk,187uCU8mzdnrWpziZrDe,create,SAFE_CURRENT_ENROLLMENT,active,2026-07-08,2026-08-28,WyJIV3hINXBodVM1V3RnY1ZGcDJZayIsIjE4N3VDVThtemRucldwemlackRlIiwiMjAyNi0wNy0wOCJd
hXMChe48QLowbq4L8BSB,2GIu9f1T94IoMFu7F6Ye,exclude,NON_CURRENT_STATUS,,,,
I0nBte2wvLjrF0h4YVc6,RI6vRY14dJtwLSpdy1Bc,exclude,EXISTING_ENROLLMENT,,,,
iA8drm1rRhvXyP3oAqZv,DRjcUgJIng8OdUMVof8X,create,SAFE_CURRENT_ENROLLMENT,active,2026-07-11,2026-08-30,WyJpQThkcm0xclJodlh5UDNvQXFadiIsIkRSamNVZ0pJbmc4T2RVTVZvZjhYIiwiMjAyNi0wNy0xMSJd
ibWVLxheEgPJ3y1Ge8kl,187uCU8mzdnrWpziZrDe,create,SAFE_CURRENT_ENROLLMENT,active,2026-07-08,2026-08-28,WyJpYldWTHhoZUVnUEozeTFHZThrbCIsIjE4N3VDVThtemRucldwemlackRlIiwiMjAyNi0wNy0wOCJd
Ica9BvPXJPZyIe5W2SNn,8gRFsTVLErsXTi2DbRyD,create,SAFE_CURRENT_ENROLLMENT,active,2026-06-28,2026-08-22,WyJJY2E5QnZQWEpQWnlJZTVXMlNObiIsIjhnUkZzVFZMRXJzWFRpMkRiUnlEIiwiMjAyNi0wNi0yOCJd
iesmpSZeDM0ll7AB2OAF,7Fxj71SvCY5SSGACTZ8C,exclude,NON_CURRENT_STATUS,,,,
IgqtEk8AzZU6hrTnJIeO,eHaGs0lAu2GqMWW2i19N,exclude,NON_CURRENT_STATUS,,,,
IgsVyHRLR14fo1IwpXOz,b6GS6Dg5npzK3y2iRpbs,create,SAFE_CURRENT_ENROLLMENT,active,2026-07-02,2026-08-25,WyJJZ3NWeUhSTFIxNGZvMUl3cFhPeiIsImI2R1M2RGc1bnB6SzN5MmlScGJzIiwiMjAyNi0wNy0wMiJd
IHtROpOUHwveGGGBkIoL,WTZAYh5srIEDgPEDjzwn,exclude,EXISTING_ENROLLMENT,,,,
iI3hLAso9rwBeztYvvo3,FigsTfwBAQzGlLBxfU2u,exclude,EXISTING_ENROLLMENT,,,,
Ijgv8g5JR01AmeiLtSFi,lmCjwxAFU0oXzXSBdjW8,exclude,EXISTING_ENROLLMENT,,,,
IKFLd3YKDuiOVngk3OsY,AnxnD92cSGEYTMqhNFw5,create,SAFE_CURRENT_ENROLLMENT,active,2026-07-22,2026-09-16,WyJJS0ZMZDNZS0R1aU9WbmdrM09zWSIsIkFueG5EOTJjU0dFWVRNcWhORnc1IiwiMjAyNi0wNy0yMiJd
inY6KRuAYrxe8ZHxxVR9,vNK2ADOv5VCXhP3Q2sOg,create,SAFE_CURRENT_ENROLLMENT,active,2026-07-16,2026-09-08,WyJpblk2S1J1QVlyeGU4Wkh4eFZSOSIsInZOSzJBRE92NVZDWGhQM1Eyc09nIiwiMjAyNi0wNy0xNiJd
iOrFykBbS9vbu2HgFSrS,8gRFsTVLErsXTi2DbRyD,create,SAFE_CURRENT_ENROLLMENT,active,2026-06-28,2026-08-22,WyJpT3JGeWtCYlM5dmJ1MkhnRlNyUyIsIjhnUkZzVFZMRXJzWFRpMkRiUnlEIiwiMjAyNi0wNi0yOCJd
ipPUIKKzHlHx9eKppd3n,WTZAYh5srIEDgPEDjzwn,exclude,EXISTING_ENROLLMENT,,,,
iQUadH6kjCdMXs6Li1Uv,VWLk5yClGPg6muM1vBXa,create,SAFE_CURRENT_ENROLLMENT,active,2026-06-30,2026-08-20,WyJpUVVhZEg2a2pDZE1YczZMaTFVdiIsIlZXTGs1eUNsR1BnNm11TTF2QlhhIiwiMjAyNi0wNi0zMCJd
irtJzfi2722gmxavR2pe,mxZlZe2CtUrOvjYhuwvi,create,SAFE_CURRENT_ENROLLMENT,active,2026-06-22,2026-08-16,WyJpcnRKemZpMjcyMmdteGF2UjJwZSIsIm14WmxaZTJDdFVyT3ZqWWh1d3ZpIiwiMjAyNi0wNi0yMiJd
iTiS6bDb3nukWQ9y5oOB,vNK2ADOv5VCXhP3Q2sOg,create,SAFE_CURRENT_ENROLLMENT,active,2026-07-16,2026-09-08,WyJpVGlTNmJEYjNudWtXUTl5NW9PQiIsInZOSzJBRE92NVZDWGhQM1Eyc09nIiwiMjAyNi0wNy0xNiJd
IU2Occih1v4VN3KKSazR,2GIu9f1T94IoMFu7F6Ye,exclude,NON_CURRENT_STATUS,,,,
iVQmgH4LtZxuAJ1Kg0wv,NQ1K3m1shKBZJSVegPme,exclude,EXISTING_ENROLLMENT,,,,
iYhqrDRp9bu8B44uvstZ,vNK2ADOv5VCXhP3Q2sOg,create,SAFE_CURRENT_ENROLLMENT,active,2026-07-16,2026-09-08,WyJpWWhxckRScDlidThCNDR1dnN0WiIsInZOSzJBRE92NVZDWGhQM1Eyc09nIiwiMjAyNi0wNy0xNiJd
J74V0EBAInEI6xTW0dHc,bfKk4jq9TBB9vlnB4TjH,create,SAFE_CURRENT_ENROLLMENT,active,2026-07-10,2026-09-04,WyJKNzRWMEVCQUluRUk2eFRXMGRIYyIsImJmS2s0anE5VEJCOXZsbkI0VGpIIiwiMjAyNi0wNy0xMCJd
J7rRYqpH0gTwjmPE5QSu,187uCU8mzdnrWpziZrDe,exclude,NON_CURRENT_STATUS,,,,
J8ilWkk7ZFV2FTsXYalI,htDI41OT3fXxmNWfnknT,exclude,EXISTING_ENROLLMENT,,,,
J97FEeZeP3nKgXphwdXy,vNK2ADOv5VCXhP3Q2sOg,create,SAFE_CURRENT_ENROLLMENT,active,2026-07-16,2026-09-08,WyJKOTdGRWVaZVAzbktnWHBod2RYeSIsInZOSzJBRE92NVZDWGhQM1Eyc09nIiwiMjAyNi0wNy0xNiJd
JAI61Fwi9NdyLOSvnXHx,b6GS6Dg5npzK3y2iRpbs,create,SAFE_CURRENT_ENROLLMENT,active,2026-07-02,2026-08-25,WyJKQUk2MUZ3aTlOZHlMT1N2blhIeCIsImI2R1M2RGc1bnB6SzN5MmlScGJzIiwiMjAyNi0wNy0wMiJd
Jaz43b4lounXc8SqEeJf,FigsTfwBAQzGlLBxfU2u,exclude,EXISTING_ENROLLMENT,,,,
jB0QelDTJHTvBjOvANVz,6GmA0pfCfbyeUmHYcT2D,exclude,NON_CURRENT_STATUS,,,,
jbDxFyKZv7lleHlhpWFD,FigsTfwBAQzGlLBxfU2u,exclude,EXISTING_ENROLLMENT,,,,
JBfx6hFJiSKC8CHLI2DD,DPZ0ENoAC52canMi03Dr,create,SAFE_CURRENT_ENROLLMENT,active,2026-07-12,2026-09-05,WyJKQmZ4NmhGSmlTS0M4Q0hMSTJERCIsIkRQWjBFTm9BQzUyY2FuTWkwM0RyIiwiMjAyNi0wNy0xMiJd
JCy9Ar9m6ZJhVuqCNbwd,VWLk5yClGPg6muM1vBXa,create,SAFE_CURRENT_ENROLLMENT,active,2026-06-30,2026-08-20,WyJKQ3k5QXI5bTZaSmhWdXFDTmJ3ZCIsIlZXTGs1eUNsR1BnNm11TTF2QlhhIiwiMjAyNi0wNi0zMCJd
Jed0DsJ2Ao2kB5d5tqao,71GVOT1409eW8tTLpPuE,exclude,EXISTING_ENROLLMENT,,,,
jEwesUBuZKiH20q8wrhm,ScflKHWUpRh4aVD7zCXr,create,SAFE_CURRENT_ENROLLMENT,active,2026-07-20,2026-09-13,WyJqRXdlc1VCdVpLaUgyMHE4d3JobSIsIlNjZmxLSFdVcFJoNGFWRDd6Q1hyIiwiMjAyNi0wNy0yMCJd
jONEao190gWhxbNDIVOx,MbEjkY4bZPvUt9ykRpPu,exclude,ENDED_CLASS,,,,
JpiWF4itRYSSyvmu06lZ,htDI41OT3fXxmNWfnknT,exclude,NON_CURRENT_STATUS,,,,
jTIq7zOrOQTBVSdAOPQz,187uCU8mzdnrWpziZrDe,create,SAFE_CURRENT_ENROLLMENT,active,2026-07-08,2026-08-28,WyJqVElxN3pPck9RVEJWU2RBT1BReiIsIjE4N3VDVThtemRucldwemlackRlIiwiMjAyNi0wNy0wOCJd
JTW2Pk8S2wyCKRrT25dB,htDI41OT3fXxmNWfnknT,exclude,EXISTING_ENROLLMENT,,,,
jUvjSq8GlIJdCXXBzsdu,WTZAYh5srIEDgPEDjzwn,exclude,EXISTING_ENROLLMENT,,,,
Jv0qDs8CnoE2DW6SZGsI,xfrcmqXG5Eq8k0HsK7ip,create,SAFE_CURRENT_ENROLLMENT,active,2026-07-24,2026-09-12,WyJKdjBxRHM4Q25vRTJEVzZTWkdzSSIsInhmcmNtcVhHNUVxOGswSHNLN2lwIiwiMjAyNi0wNy0yNCJd
JVBuK8MQBf8wVUHmlxAA,lYMDImfr5T7qBTEXcmSW,create,SAFE_CURRENT_ENROLLMENT,active,2026-07-12,2026-08-31,WyJKVkJ1SzhNUUJmOHdWVUhtbHhBQSIsImxZTURJbWZyNVQ3cUJURVhjbVNXIiwiMjAyNi0wNy0xMiJd
JvfEyFKf5t3pjiJoyoJI,YEGhVcj27boYOrEf2iSE,exclude,NON_CURRENT_STATUS,,,,
jwgpkhSKUVWFE3NrP3ln,FigsTfwBAQzGlLBxfU2u,exclude,EXISTING_ENROLLMENT,,,,
jxoWdCMWIvxSLGtGChs3,tY5PIISvWwaH4ZL7qGHX,create,SAFE_CURRENT_ENROLLMENT,active,2026-06-13,2026-08-02,WyJqeG9XZENNV0l2eFNMR3RHQ2hzMyIsInRZNVBJSVN2V3dhSDRaTDdxR0hYIiwiMjAyNi0wNi0xMyJd
jYYw4jzNBqCcxubvbafv,sFc2NhcpwbmdudLCPpIp,create,SAFE_CURRENT_ENROLLMENT,active,2026-06-27,2026-08-16,WyJqWVl3NGp6TkJxQ2N4dWJ2YmFmdiIsInNGYzJOaGNwd2JtZHVkTENQcElwIiwiMjAyNi0wNi0yNyJd
Jz1O04Wv8kQT44mUSQ7I,7Fxj71SvCY5SSGACTZ8C,exclude,EXISTING_ENROLLMENT,,,,
JzHjff8pKBgnR8UWFo3k,sFc2NhcpwbmdudLCPpIp,create,SAFE_CURRENT_ENROLLMENT,active,2026-06-27,2026-08-16,WyJKekhqZmY4cEtCZ25SOFVXRm8zayIsInNGYzJOaGNwd2JtZHVkTENQcElwIiwiMjAyNi0wNi0yNyJd
K0MlRv6pLIDxx3zzEFQy,LMpRvmwnanq28ftRLvP3,exclude,NON_CURRENT_STATUS,,,,
kbZVoqAJOHVHd9JeqcSu,KrranixViHUAu0AGnohg,create,SAFE_CURRENT_ENROLLMENT,active,2026-07-04,2026-08-23,WyJrYlpWb3FBSk9IVkhkOUplcWNTdSIsIktycmFuaXhWaUhVQXUwQUdub2hnIiwiMjAyNi0wNy0wNCJd
kcwPPxD57CjbE5kJQcz5,tGtoavV6esqgyuTMKVUf,create,SAFE_CURRENT_ENROLLMENT,active,2026-07-05,2026-08-29,WyJrY3dQUHhENTdDamJFNWtKUWN6NSIsInRHdG9hdlY2ZXNxZ3l1VE1LVlVmIiwiMjAyNi0wNy0wNSJd
kcy8aBrawXw9aGgH3AKX,7Fxj71SvCY5SSGACTZ8C,exclude,NON_CURRENT_STATUS,,,,
KdIQVpw6wS3D9yKBZAck,vNK2ADOv5VCXhP3Q2sOg,create,SAFE_CURRENT_ENROLLMENT,active,2026-07-16,2026-09-08,WyJLZElRVnB3NndTM0Q5eUtCWkFjayIsInZOSzJBRE92NVZDWGhQM1Eyc09nIiwiMjAyNi0wNy0xNiJd
kecf1t9RX8dcBcA2JubM,tGtoavV6esqgyuTMKVUf,create,SAFE_CURRENT_ENROLLMENT,active,2026-07-05,2026-08-29,WyJrZWNmMXQ5Ulg4ZGNCY0EySnViTSIsInRHdG9hdlY2ZXNxZ3l1VE1LVlVmIiwiMjAyNi0wNy0wNSJd
kFEYcy0cqDFbZ3SYNMxK,WTZAYh5srIEDgPEDjzwn,exclude,EXISTING_ENROLLMENT,,,,
KfZ9gNTEg2mTVNkgCm3B,b6GS6Dg5npzK3y2iRpbs,create,SAFE_CURRENT_ENROLLMENT,active,2026-07-02,2026-08-25,WyJLZlo5Z05URWcybVRWTmtnQ20zQiIsImI2R1M2RGc1bnB6SzN5MmlScGJzIiwiMjAyNi0wNy0wMiJd
KgfM4P4j5JALX0W7QLU5,vNK2ADOv5VCXhP3Q2sOg,create,SAFE_CURRENT_ENROLLMENT,active,2026-07-16,2026-09-08,WyJLZ2ZNNFA0ajVKQUxYMFc3UUxVNSIsInZOSzJBRE92NVZDWGhQM1Eyc09nIiwiMjAyNi0wNy0xNiJd
KNGcLgkVNfhfkEum6doU,pAKl7xpSLd1atr3eRofo,create,SAFE_CURRENT_ENROLLMENT,active,2026-06-23,2026-08-13,WyJLTkdjTGdrVk5maGZrRXVtNmRvVSIsInBBS2w3eHBTTGQxYXRyM2VSb2ZvIiwiMjAyNi0wNi0yMyJd
Kns3cgRfM7L4MTTE02M7,tY5PIISvWwaH4ZL7qGHX,create,SAFE_CURRENT_ENROLLMENT,active,2026-06-13,2026-08-02,WyJLbnMzY2dSZk03TDRNVFRFMDJNNyIsInRZNVBJSVN2V3dhSDRaTDdxR0hYIiwiMjAyNi0wNi0xMyJd
KO57GHjgX0RBfPFaEQ2g,FigsTfwBAQzGlLBxfU2u,exclude,EXISTING_ENROLLMENT,,,,
KP9bcCSu7lU4OUUYWnCb,htDI41OT3fXxmNWfnknT,exclude,EXISTING_ENROLLMENT,,,,
KvoKKR4iXmMMn02DySSK,VWLk5yClGPg6muM1vBXa,create,SAFE_CURRENT_ENROLLMENT,active,2026-06-30,2026-08-20,WyJLdm9LS1I0aVhtTU1uMDJEeVNTSyIsIlZXTGs1eUNsR1BnNm11TTF2QlhhIiwiMjAyNi0wNi0zMCJd
KW4RqVeqdab5P2bLWNSl,eIcP0Zb20aitPkMA9uFs,exclude,EXISTING_ENROLLMENT,,,,
KWlH3T0p5LFKhniqRMY6,dIEGKNxQyAS4uRtQmnPq,create,SAFE_CURRENT_ENROLLMENT,active,2026-07-13,2026-09-06,WyJLV2xIM1QwcDVMRktobmlxUk1ZNiIsImRJRUdLTnhReUFTNHVSdFFtblBxIiwiMjAyNi0wNy0xMyJd
kXD9fDLMwVFrFskKYSqv,KrranixViHUAu0AGnohg,create,SAFE_CURRENT_ENROLLMENT,active,2026-07-04,2026-08-23,WyJrWEQ5ZkRMTXdWRnJGc2tLWVNxdiIsIktycmFuaXhWaUhVQXUwQUdub2hnIiwiMjAyNi0wNy0wNCJd
Kz5z1m4u1VQgLaeyO9yM,187uCU8mzdnrWpziZrDe,create,SAFE_CURRENT_ENROLLMENT,active,2026-07-08,2026-08-28,WyJLejV6MW00dTFWUWdMYWV5Tzl5TSIsIjE4N3VDVThtemRucldwemlackRlIiwiMjAyNi0wNy0wOCJd
l0d2ZwqMTFIz7SRN7qkD,KrranixViHUAu0AGnohg,create,SAFE_CURRENT_ENROLLMENT,active,2026-07-04,2026-08-23,WyJsMGQyWndxTVRGSXo3U1JON3FrRCIsIktycmFuaXhWaUhVQXUwQUdub2hnIiwiMjAyNi0wNy0wNCJd
L4jCD0tCLeOSs1FuRYlD,187uCU8mzdnrWpziZrDe,create,SAFE_CURRENT_ENROLLMENT,active,2026-07-08,2026-08-28,WyJMNGpDRDB0Q0xlT1NzMUZ1UllsRCIsIjE4N3VDVThtemRucldwemlackRlIiwiMjAyNi0wNy0wOCJd
L5Sm2wxqhVrJYlNRmlBG,eIcP0Zb20aitPkMA9uFs,exclude,EXISTING_ENROLLMENT,,,,
l63OVrpsO8HNTTfRSMvo,eHaGs0lAu2GqMWW2i19N,exclude,NON_CURRENT_STATUS,,,,
l68lEBJkaaidjMaQdrLX,pAKl7xpSLd1atr3eRofo,create,SAFE_CURRENT_ENROLLMENT,on_leave,2026-06-23,2026-08-13,WyJsNjhsRUJKa2FhaWRqTWFRZHJMWCIsInBBS2w3eHBTTGQxYXRyM2VSb2ZvIiwiMjAyNi0wNi0yMyJd
LcL9UWC8yf1dwGXEtIA9,FigsTfwBAQzGlLBxfU2u,exclude,EXISTING_ENROLLMENT,,,,
lD25Nb3aN3wklo5ZXOPu,tY5PIISvWwaH4ZL7qGHX,create,SAFE_CURRENT_ENROLLMENT,on_leave,2026-06-13,2026-08-02,WyJsRDI1TmIzYU4zd2tsbzVaWE9QdSIsInRZNVBJSVN2V3dhSDRaTDdxR0hYIiwiMjAyNi0wNi0xMyJd
LHgLCB0qjyHGV65U3l0C,ScflKHWUpRh4aVD7zCXr,create,SAFE_CURRENT_ENROLLMENT,active,2026-07-20,2026-09-13,WyJMSGdMQ0IwcWp5SEdWNjVVM2wwQyIsIlNjZmxLSFdVcFJoNGFWRDd6Q1hyIiwiMjAyNi0wNy0yMCJd
lhY9h4JBG0tHAEJtyXmv,2GIu9f1T94IoMFu7F6Ye,exclude,NON_CURRENT_STATUS,,,,
LiCvcFd9KFJksb1rQeRR,aoaDsr3lgBvSj211VCkJ,exclude,EXISTING_ENROLLMENT,,,,
LiDx3ubOEzM6CZL5GKu8,AnxnD92cSGEYTMqhNFw5,create,SAFE_CURRENT_ENROLLMENT,active,2026-07-22,2026-09-16,WyJMaUR4M3ViT0V6TTZDWkw1R0t1OCIsIkFueG5EOTJjU0dFWVRNcWhORnc1IiwiMjAyNi0wNy0yMiJd
LiNcnnRnBdCI56AKr0Rq,pAKl7xpSLd1atr3eRofo,create,SAFE_CURRENT_ENROLLMENT,active,2026-06-23,2026-08-13,WyJMaU5jbm5SbkJkQ0k1NkFLcjBScSIsInBBS2w3eHBTTGQxYXRyM2VSb2ZvIiwiMjAyNi0wNi0yMyJd
lKk4JMtqkXNvADim1Ujj,7Fxj71SvCY5SSGACTZ8C,exclude,EXISTING_ENROLLMENT,,,,
LlD6XEGwgMy5Qf6OLaTR,waoUqyi2aZ00NKgIcbIf,exclude,NON_CURRENT_STATUS,,,,
LlGtCCTSZVbQSj2MsToY,pAKl7xpSLd1atr3eRofo,create,SAFE_CURRENT_ENROLLMENT,active,2026-06-23,2026-08-13,WyJMbEd0Q0NUU1pWYlFTajJNc1RvWSIsInBBS2w3eHBTTGQxYXRyM2VSb2ZvIiwiMjAyNi0wNi0yMyJd
LMAzIHa87Fg6kCUGFzZ9,ScflKHWUpRh4aVD7zCXr,create,SAFE_CURRENT_ENROLLMENT,on_leave,2026-07-20,2026-09-13,WyJMTUF6SUhhODdGZzZrQ1VHRnpaOSIsIlNjZmxLSFdVcFJoNGFWRDd6Q1hyIiwiMjAyNi0wNy0yMCJd
LPeKymyxzVbOcM9o3YVC,aoaDsr3lgBvSj211VCkJ,exclude,EXISTING_ENROLLMENT,,,,
lsCJW7RTk4SwwvUNBPB9,YEGhVcj27boYOrEf2iSE,exclude,NON_CURRENT_STATUS,,,,
LtcykwoS1jKUzi9h7tU9,7Fxj71SvCY5SSGACTZ8C,exclude,EXISTING_ENROLLMENT,,,,
ltFXzUlQmYeOXT6RyVvE,YEGhVcj27boYOrEf2iSE,exclude,NON_CURRENT_STATUS,,,,
lukcIMXhplCgWeTRdunF,vNK2ADOv5VCXhP3Q2sOg,create,SAFE_CURRENT_ENROLLMENT,active,2026-07-16,2026-09-08,WyJsdWtjSU1YaHBsQ2dXZVRSZHVuRiIsInZOSzJBRE92NVZDWGhQM1Eyc09nIiwiMjAyNi0wNy0xNiJd
LVeXtZ1IwBVa7hg2rEhe,pAKl7xpSLd1atr3eRofo,create,SAFE_CURRENT_ENROLLMENT,active,2026-06-23,2026-08-13,WyJMVmVYdFoxSXdCVmE3aGcyckVoZSIsInBBS2w3eHBTTGQxYXRyM2VSb2ZvIiwiMjAyNi0wNi0yMyJd
lWkRkeAoar9rNX8XMqLZ,YEGhVcj27boYOrEf2iSE,exclude,NON_CURRENT_STATUS,,,,
LwpFm7sWsRRLoDTX9yaJ,7Fxj71SvCY5SSGACTZ8C,exclude,EXISTING_ENROLLMENT,,,,
LWwMx6nqRCavX0sIxl37,VWLk5yClGPg6muM1vBXa,create,SAFE_CURRENT_ENROLLMENT,active,2026-06-30,2026-08-20,WyJMV3dNeDZucVJDYXZYMHNJeGwzNyIsIlZXTGs1eUNsR1BnNm11TTF2QlhhIiwiMjAyNi0wNi0zMCJd
lXyXRvBt00bihyfBmrmi,htDI41OT3fXxmNWfnknT,exclude,EXISTING_ENROLLMENT,,,,
LYgrHxsizVXWyVge0E8R,LMpRvmwnanq28ftRLvP3,exclude,NON_CURRENT_STATUS,,,,
lzNIH1Sfv51vzpTkk34i,WTZAYh5srIEDgPEDjzwn,exclude,EXISTING_ENROLLMENT,,,,
M62WLu9iu8grIOrLrm1l,WTZAYh5srIEDgPEDjzwn,exclude,EXISTING_ENROLLMENT,,,,
M88RlGAJj4DrAJ0ozUdh,MbEjkY4bZPvUt9ykRpPu,exclude,ENDED_CLASS,,,,
Mbw0TEn1rS33BBVN6u1h,2GIu9f1T94IoMFu7F6Ye,exclude,NON_CURRENT_STATUS,,,,
MevbZ4VjVvO2N0g0I4Mq,fLTQJCJuhG9JhJZBJxYb,create,SAFE_CURRENT_ENROLLMENT,active,2026-07-06,2026-08-26,WyJNZXZiWjRWalZ2TzJOMGcwSTRNcSIsImZMVFFKQ0p1aEc5SmhKWkJKeFliIiwiMjAyNi0wNy0wNiJd
Mfgo7xxVKfuNtinazLzQ,lYMDImfr5T7qBTEXcmSW,create,SAFE_CURRENT_ENROLLMENT,active,2026-07-12,2026-08-31,WyJNZmdvN3h4VktmdU50aW5hekx6USIsImxZTURJbWZyNVQ3cUJURVhjbVNXIiwiMjAyNi0wNy0xMiJd
MfHDYUyETCN1woWXyGCU,ScflKHWUpRh4aVD7zCXr,create,SAFE_CURRENT_ENROLLMENT,active,2026-07-20,2026-09-13,WyJNZkhEWVV5RVRDTjF3b1dYeUdDVSIsIlNjZmxLSFdVcFJoNGFWRDd6Q1hyIiwiMjAyNi0wNy0yMCJd
MfNaKW9PuxRR5J2R05oU,187uCU8mzdnrWpziZrDe,create,SAFE_CURRENT_ENROLLMENT,active,2026-07-08,2026-08-28,WyJNZk5hS1c5UHV4UlI1SjJSMDVvVSIsIjE4N3VDVThtemRucldwemlackRlIiwiMjAyNi0wNy0wOCJd
mgMJjDc3wNEuoNiDwrFd,NQ1K3m1shKBZJSVegPme,exclude,EXISTING_ENROLLMENT,,,,
mGZ5XObe3TthurGYLxQ6,FigsTfwBAQzGlLBxfU2u,exclude,EXISTING_ENROLLMENT,,,,
MHkxrpjx0sDLprTT3eYf,mxZlZe2CtUrOvjYhuwvi,create,SAFE_CURRENT_ENROLLMENT,active,2026-06-22,2026-08-16,WyJNSGt4cnBqeDBzRExwclRUM2VZZiIsIm14WmxaZTJDdFVyT3ZqWWh1d3ZpIiwiMjAyNi0wNi0yMiJd
mIfp5tGJlVXClrvhZXIw,KrranixViHUAu0AGnohg,create,SAFE_CURRENT_ENROLLMENT,active,2026-07-04,2026-08-23,WyJtSWZwNXRHSmxWWENscnZoWlhJdyIsIktycmFuaXhWaUhVQXUwQUdub2hnIiwiMjAyNi0wNy0wNCJd
mK9mEB2UGqWFzwG47FIe,FigsTfwBAQzGlLBxfU2u,exclude,EXISTING_ENROLLMENT,,,,
MmGQo8rh5S9tmXg9PIQt,sFc2NhcpwbmdudLCPpIp,create,SAFE_CURRENT_ENROLLMENT,active,2026-06-27,2026-08-16,WyJNbUdRbzhyaDVTOXRtWGc5UElRdCIsInNGYzJOaGNwd2JtZHVkTENQcElwIiwiMjAyNi0wNi0yNyJd
Mnb33UzLIY4Hzrko9TTP,mxZlZe2CtUrOvjYhuwvi,create,SAFE_CURRENT_ENROLLMENT,active,2026-06-22,2026-08-16,WyJNbmIzM1V6TElZNEh6cmtvOVRUUCIsIm14WmxaZTJDdFVyT3ZqWWh1d3ZpIiwiMjAyNi0wNi0yMiJd
MNKRTRqDuOXNQgy0fs4P,eHaGs0lAu2GqMWW2i19N,exclude,NON_CURRENT_STATUS,,,,
moyqwBDGMpKaBGlAnLjG,MbEjkY4bZPvUt9ykRpPu,exclude,ENDED_CLASS,,,,
MsxFv3krA0V4bAo2VFlB,DRjcUgJIng8OdUMVof8X,create,SAFE_CURRENT_ENROLLMENT,active,2026-07-11,2026-08-30,WyJNc3hGdjNrckEwVjRiQW8yVkZsQiIsIkRSamNVZ0pJbmc4T2RVTVZvZjhYIiwiMjAyNi0wNy0xMSJd
MwDVKb0PGJq2hCXZqi2d,tGtoavV6esqgyuTMKVUf,create,SAFE_CURRENT_ENROLLMENT,active,2026-07-05,2026-08-29,WyJNd0RWS2IwUEdKcTJoQ1hacWkyZCIsInRHdG9hdlY2ZXNxZ3l1VE1LVlVmIiwiMjAyNi0wNy0wNSJd
mxHOcYjK3nre9AEDWZby,DPZ0ENoAC52canMi03Dr,create,SAFE_CURRENT_ENROLLMENT,active,2026-07-12,2026-09-05,WyJteEhPY1lqSzNucmU5QUVEV1pieSIsIkRQWjBFTm9BQzUyY2FuTWkwM0RyIiwiMjAyNi0wNy0xMiJd
N4SOSU86TjHf1m8syzRQ,8gRFsTVLErsXTi2DbRyD,create,SAFE_CURRENT_ENROLLMENT,on_leave,2026-06-28,2026-08-22,WyJONFNPU1U4NlRqSGYxbThzeXpSUSIsIjhnUkZzVFZMRXJzWFRpMkRiUnlEIiwiMjAyNi0wNi0yOCJd
n9EQvOrdDgwy72WXbdTe,Z8oeO9IN5H3lsV6IOAoH,exclude,NON_CURRENT_STATUS,,,,
nACs61aNuvw8FrFJqrHi,ScflKHWUpRh4aVD7zCXr,create,SAFE_CURRENT_ENROLLMENT,active,2026-07-20,2026-09-13,WyJuQUNzNjFhTnV2dzhGckZKcXJIaSIsIlNjZmxLSFdVcFJoNGFWRDd6Q1hyIiwiMjAyNi0wNy0yMCJd
nBs6xhIU09yDKGDRSdkA,DPZ0ENoAC52canMi03Dr,exclude,NON_CURRENT_STATUS,,,,
nEHVn9TFbkngJgOEN0Uq,187uCU8mzdnrWpziZrDe,create,SAFE_CURRENT_ENROLLMENT,active,2026-07-08,2026-08-28,WyJuRUhWbjlURmJrbmdKZ09FTjBVcSIsIjE4N3VDVThtemRucldwemlackRlIiwiMjAyNi0wNy0wOCJd
nfYIQhF0toKRleeusfH9,mxZlZe2CtUrOvjYhuwvi,create,SAFE_CURRENT_ENROLLMENT,active,2026-06-22,2026-08-16,WyJuZllJUWhGMHRvS1JsZWV1c2ZIOSIsIm14WmxaZTJDdFVyT3ZqWWh1d3ZpIiwiMjAyNi0wNi0yMiJd
NGK4jY0DjrxZow7kXeAj,VWLk5yClGPg6muM1vBXa,create,SAFE_CURRENT_ENROLLMENT,active,2026-06-30,2026-08-20,WyJOR0s0alkwRGpyeFpvdzdrWGVBaiIsIlZXTGs1eUNsR1BnNm11TTF2QlhhIiwiMjAyNi0wNi0zMCJd
nh6wxn0H3csVJGpHNxYO,lmCjwxAFU0oXzXSBdjW8,exclude,EXISTING_ENROLLMENT,,,,
NhdLhjhDjZaKXWhm8tjp,FigsTfwBAQzGlLBxfU2u,exclude,EXISTING_ENROLLMENT,,,,
nijdfTnBAL2c2Yd5WuHF,FigsTfwBAQzGlLBxfU2u,exclude,EXISTING_ENROLLMENT,,,,
NMO1qMjMCKBOdzfalEdh,FigsTfwBAQzGlLBxfU2u,exclude,EXISTING_ENROLLMENT,,,,
nN5ZpXQRMEUas2aZhUj8,YEGhVcj27boYOrEf2iSE,exclude,NON_CURRENT_STATUS,,,,
nntCnP7uFAO2ZPTSdljy,sFc2NhcpwbmdudLCPpIp,create,SAFE_CURRENT_ENROLLMENT,active,2026-06-27,2026-08-16,WyJubnRDblA3dUZBTzJaUFRTZGxqeSIsInNGYzJOaGNwd2JtZHVkTENQcElwIiwiMjAyNi0wNi0yNyJd
Np3TJL22Tdcy9BqQAqCQ,VWLk5yClGPg6muM1vBXa,create,SAFE_CURRENT_ENROLLMENT,active,2026-06-30,2026-08-20,WyJOcDNUSkwyMlRkY3k5QnFRQXFDUSIsIlZXTGs1eUNsR1BnNm11TTF2QlhhIiwiMjAyNi0wNi0zMCJd
NPDPa2ntFrEfzHDvFoiG,tGtoavV6esqgyuTMKVUf,create,SAFE_CURRENT_ENROLLMENT,active,2026-07-05,2026-08-29,WyJOUERQYTJudEZyRWZ6SER2Rm9pRyIsInRHdG9hdlY2ZXNxZ3l1VE1LVlVmIiwiMjAyNi0wNy0wNSJd
nqgtWCMf6ZA3xWOtj4r5,ScflKHWUpRh4aVD7zCXr,create,SAFE_CURRENT_ENROLLMENT,on_leave,2026-07-20,2026-09-13,WyJucWd0V0NNZjZaQTN4V090ajRyNSIsIlNjZmxLSFdVcFJoNGFWRDd6Q1hyIiwiMjAyNi0wNy0yMCJd
NqvO0zkENZO0ZtcNe6fz,XXTe0dcLydenBbhXkIHF,create,SAFE_CURRENT_ENROLLMENT,active,2026-06-20,2026-08-09,WyJOcXZPMHprRU5aTzBadGNOZTZmeiIsIlhYVGUwZGNMeWRlbkJiaFhrSUhGIiwiMjAyNi0wNi0yMCJd
NRroPcjQX19Al0yxm08s,NQ1K3m1shKBZJSVegPme,exclude,EXISTING_ENROLLMENT,,,,
nSjcIEhockqBELBbpE1E,NQ1K3m1shKBZJSVegPme,exclude,EXISTING_ENROLLMENT,,,,
nSRqEOmArgqlPIuTUoDO,mxZlZe2CtUrOvjYhuwvi,create,SAFE_CURRENT_ENROLLMENT,active,2026-06-22,2026-08-16,WyJuU1JxRU9tQXJncWxQSXVUVW9ETyIsIm14WmxaZTJDdFVyT3ZqWWh1d3ZpIiwiMjAyNi0wNi0yMiJd
nSSgKgi6WdQgaQlZskNR,WqLGvTj9Kft3C69PU08V,exclude,ENDED_CLASS,,,,
nYgno76NyNigJOvXY5Z1,lYMDImfr5T7qBTEXcmSW,create,SAFE_CURRENT_ENROLLMENT,active,2026-07-12,2026-08-31,WyJuWWdubzc2TnlOaWdKT3ZYWTVaMSIsImxZTURJbWZyNVQ3cUJURVhjbVNXIiwiMjAyNi0wNy0xMiJd
O754o2G7YLVzbfpDGRKM,NQ1K3m1shKBZJSVegPme,exclude,EXISTING_ENROLLMENT,,,,
O7jdcBw4jKrItRJvhjVy,xfrcmqXG5Eq8k0HsK7ip,exclude,EXISTING_ENROLLMENT,,,,
O7NlS4CE7NwhRyXEImje,FigsTfwBAQzGlLBxfU2u,exclude,EXISTING_ENROLLMENT,,,,
OArP8xSPFlQOqft53hh9,7Fxj71SvCY5SSGACTZ8C,exclude,EXISTING_ENROLLMENT,,,,
OFCMoKeDVAi1UUTqWCtp,pAKl7xpSLd1atr3eRofo,create,SAFE_CURRENT_ENROLLMENT,active,2026-06-23,2026-08-13,WyJPRkNNb0tlRFZBaTFVVVRxV0N0cCIsInBBS2w3eHBTTGQxYXRyM2VSb2ZvIiwiMjAyNi0wNi0yMyJd
oJfGVuO4NRxo1oRPMbUx,ScflKHWUpRh4aVD7zCXr,create,SAFE_CURRENT_ENROLLMENT,active,2026-07-20,2026-09-13,WyJvSmZHVnVPNE5SeG8xb1JQTWJVeCIsIlNjZmxLSFdVcFJoNGFWRDd6Q1hyIiwiMjAyNi0wNy0yMCJd
OLbeBLJj7Aov3boN0Gtj,RI6vRY14dJtwLSpdy1Bc,exclude,EXISTING_ENROLLMENT,,,,
oLtt9DqLL7aV6Iae3iEp,71GVOT1409eW8tTLpPuE,exclude,EXISTING_ENROLLMENT,,,,
Omro1OXFmrUbJrbaynBe,lmCjwxAFU0oXzXSBdjW8,exclude,EXISTING_ENROLLMENT,,,,
ondDDYL6XIscpXjUmwPh,KrranixViHUAu0AGnohg,create,SAFE_CURRENT_ENROLLMENT,active,2026-07-04,2026-08-23,WyJvbmRERFlMNlhJc2NwWGpVbXdQaCIsIktycmFuaXhWaUhVQXUwQUdub2hnIiwiMjAyNi0wNy0wNCJd
os76HGwDJ0WLrgNqEdIR,LMpRvmwnanq28ftRLvP3,exclude,NON_CURRENT_STATUS,,,,
os8mVYeSboLk5T7lcGqj,ERCRTO9edy422YC37xiy,create,SAFE_CURRENT_ENROLLMENT,active,2026-07-11,2026-08-30,WyJvczhtVlllU2JvTGs1VDdsY0dxaiIsIkVSQ1JUTzllZHk0MjJZQzM3eGl5IiwiMjAyNi0wNy0xMSJd
oTFy1DA45KcguY3FkHId,tGtoavV6esqgyuTMKVUf,exclude,EXISTING_ENROLLMENT,,,,
ou8j3bkYB26Cj9exrXcT,dIEGKNxQyAS4uRtQmnPq,exclude,NON_CURRENT_STATUS,,,,
ox7wnkwVTVIGI2jR5cYr,KrranixViHUAu0AGnohg,create,SAFE_CURRENT_ENROLLMENT,on_leave,2026-07-04,2026-08-23,WyJveDd3bmt3VlRWSUdJMmpSNWNZciIsIktycmFuaXhWaUhVQXUwQUdub2hnIiwiMjAyNi0wNy0wNCJd
oZeZ4XkuwrP9XHkreAsx,lmCjwxAFU0oXzXSBdjW8,exclude,EXISTING_ENROLLMENT,,,,
oZFEMhlxtUAJTBqxa8Tx,ScflKHWUpRh4aVD7zCXr,exclude,NON_CURRENT_STATUS,,,,
PC3Ei8N9zWY9Ojn1AAHT,sFc2NhcpwbmdudLCPpIp,create,SAFE_CURRENT_ENROLLMENT,active,2026-06-27,2026-08-16,WyJQQzNFaThOOXpXWTlPam4xQUFIVCIsInNGYzJOaGNwd2JtZHVkTENQcElwIiwiMjAyNi0wNi0yNyJd
PcADSwor1zEG2S5ihiES,mxZlZe2CtUrOvjYhuwvi,create,SAFE_CURRENT_ENROLLMENT,active,2026-06-22,2026-08-16,WyJQY0FEU3dvcjF6RUcyUzVpaGlFUyIsIm14WmxaZTJDdFVyT3ZqWWh1d3ZpIiwiMjAyNi0wNi0yMiJd
pCOyFj4r50dIVdhw98RC,NQ1K3m1shKBZJSVegPme,exclude,EXISTING_ENROLLMENT,,,,
PgAg0s2hpAqyDq1U1W4T,vNK2ADOv5VCXhP3Q2sOg,create,SAFE_CURRENT_ENROLLMENT,active,2026-07-16,2026-09-08,WyJQZ0FnMHMyaHBBcXlEcTFVMVc0VCIsInZOSzJBRE92NVZDWGhQM1Eyc09nIiwiMjAyNi0wNy0xNiJd
PHTTyJW6uWz0qSf8sCMS,7Fxj71SvCY5SSGACTZ8C,exclude,EXISTING_ENROLLMENT,,,,
pIvTmr35JBIdLWFNgVA5,FigsTfwBAQzGlLBxfU2u,exclude,EXISTING_ENROLLMENT,,,,
pIyBjcyaACY1ZgjWK1G9,Z8oeO9IN5H3lsV6IOAoH,exclude,NON_CURRENT_STATUS,,,,
pL0efYsHnOheh5qqNJfw,mxZlZe2CtUrOvjYhuwvi,create,SAFE_CURRENT_ENROLLMENT,active,2026-06-22,2026-08-16,WyJwTDBlZllzSG5PaGVoNXFxTkpmdyIsIm14WmxaZTJDdFVyT3ZqWWh1d3ZpIiwiMjAyNi0wNi0yMiJd
pMHRffw8i7TF2CJjT5Lz,ERCRTO9edy422YC37xiy,create,SAFE_CURRENT_ENROLLMENT,active,2026-07-11,2026-08-30,WyJwTUhSZmZ3OGk3VEYyQ0pqVDVMeiIsIkVSQ1JUTzllZHk0MjJZQzM3eGl5IiwiMjAyNi0wNy0xMSJd
PmJmGrIQpPjXrPP832gF,lmCjwxAFU0oXzXSBdjW8,exclude,EXISTING_ENROLLMENT,,,,
pmZcZjyC7bNxWz3gDgml,WTZAYh5srIEDgPEDjzwn,exclude,EXISTING_ENROLLMENT,,,,
po8otLNv8XEqrxPP9gFN,Z8oeO9IN5H3lsV6IOAoH,exclude,NON_CURRENT_STATUS,,,,
Pq095UpYPrySwpB4GICL,sFc2NhcpwbmdudLCPpIp,create,SAFE_CURRENT_ENROLLMENT,active,2026-06-27,2026-08-16,WyJQcTA5NVVwWVByeVN3cEI0R0lDTCIsInNGYzJOaGNwd2JtZHVkTENQcElwIiwiMjAyNi0wNi0yNyJd
pq7O73wiDKAE9EfwHbxe,NQ1K3m1shKBZJSVegPme,exclude,EXISTING_ENROLLMENT,,,,
pQuYu304QYWr4f8rGwoK,aoaDsr3lgBvSj211VCkJ,exclude,EXISTING_ENROLLMENT,,,,
PrFbhXKkGgg1TLxX9LWp,tGtoavV6esqgyuTMKVUf,create,SAFE_CURRENT_ENROLLMENT,on_leave,2026-07-05,2026-08-29,WyJQckZiaFhLa0dnZzFUTHhYOUxXcCIsInRHdG9hdlY2ZXNxZ3l1VE1LVlVmIiwiMjAyNi0wNy0wNSJd
PuPropmQHbK9SEPrlSGX,htDI41OT3fXxmNWfnknT,exclude,EXISTING_ENROLLMENT,,,,
PUwqXP60DiMi9sFLjAat,KrranixViHUAu0AGnohg,create,SAFE_CURRENT_ENROLLMENT,active,2026-07-04,2026-08-23,WyJQVXdxWFA2MERpTWk5c0ZMakFhdCIsIktycmFuaXhWaUhVQXUwQUdub2hnIiwiMjAyNi0wNy0wNCJd
PVs6WaoW7Afk6yrMjBDy,LMpRvmwnanq28ftRLvP3,exclude,NON_CURRENT_STATUS,,,,
pX37Dbe9OWvibruE7a0R,2GIu9f1T94IoMFu7F6Ye,exclude,NON_CURRENT_STATUS,,,,
pYfW2pHFkuMGsBmy7Qtt,sFc2NhcpwbmdudLCPpIp,create,SAFE_CURRENT_ENROLLMENT,active,2026-06-27,2026-08-16,WyJwWWZXMnBIRmt1TUdzQm15N1F0dCIsInNGYzJOaGNwd2JtZHVkTENQcElwIiwiMjAyNi0wNi0yNyJd
PYq3thgwDEr2Zzf7B8wI,pAKl7xpSLd1atr3eRofo,create,SAFE_CURRENT_ENROLLMENT,on_leave,2026-06-23,2026-08-13,WyJQWXEzdGhnd0RFcjJaemY3Qjh3SSIsInBBS2w3eHBTTGQxYXRyM2VSb2ZvIiwiMjAyNi0wNi0yMyJd
q0RkfNkcwKPVl3GpU9AV,tY5PIISvWwaH4ZL7qGHX,create,SAFE_CURRENT_ENROLLMENT,on_leave,2026-06-13,2026-08-02,WyJxMFJrZk5rY3dLUFZsM0dwVTlBViIsInRZNVBJSVN2V3dhSDRaTDdxR0hYIiwiMjAyNi0wNi0xMyJd
Q55GKtUmk3SLYumumFEn,DPZ0ENoAC52canMi03Dr,create,SAFE_CURRENT_ENROLLMENT,active,2026-07-12,2026-09-05,WyJRNTVHS3RVbWszU0xZdW11bUZFbiIsIkRQWjBFTm9BQzUyY2FuTWkwM0RyIiwiMjAyNi0wNy0xMiJd
q7sIAHiP1Tz3U7AXk51q,2GIu9f1T94IoMFu7F6Ye,exclude,NON_CURRENT_STATUS,,,,
q8fQfjstW3Ov8DaH5W3R,6GmA0pfCfbyeUmHYcT2D,exclude,NON_CURRENT_STATUS,,,,
q8hHV2IHdTDHK0Q4rwxV,187uCU8mzdnrWpziZrDe,exclude,NON_CURRENT_STATUS,,,,
qB1aDjUIjAl9rk3pXp9X,lYMDImfr5T7qBTEXcmSW,create,SAFE_CURRENT_ENROLLMENT,active,2026-07-12,2026-08-31,WyJxQjFhRGpVSWpBbDlyazNwWHA5WCIsImxZTURJbWZyNVQ3cUJURVhjbVNXIiwiMjAyNi0wNy0xMiJd
QCgKEskDKYLzXnw8iCvY,b6GS6Dg5npzK3y2iRpbs,create,SAFE_CURRENT_ENROLLMENT,active,2026-07-02,2026-08-25,WyJRQ2dLRXNrREtZTHpYbnc4aUN2WSIsImI2R1M2RGc1bnB6SzN5MmlScGJzIiwiMjAyNi0wNy0wMiJd
qeuy1Zc4fA262l8Ijc4S,NQ1K3m1shKBZJSVegPme,exclude,EXISTING_ENROLLMENT,,,,
QeVpk4hXmkR2Ix0TzU8n,187uCU8mzdnrWpziZrDe,create,SAFE_CURRENT_ENROLLMENT,active,2026-07-08,2026-08-28,WyJRZVZwazRoWG1rUjJJeDBUelU4biIsIjE4N3VDVThtemRucldwemlackRlIiwiMjAyNi0wNy0wOCJd
qggSRHiJ5uRO179lj2b6,ERCRTO9edy422YC37xiy,create,SAFE_CURRENT_ENROLLMENT,active,2026-07-11,2026-08-30,WyJxZ2dTUkhpSjV1Uk8xNzlsajJiNiIsIkVSQ1JUTzllZHk0MjJZQzM3eGl5IiwiMjAyNi0wNy0xMSJd
Qh5S0BR1a8ZqFe1SWiO3,xfrcmqXG5Eq8k0HsK7ip,exclude,EXISTING_ENROLLMENT,,,,
QiagjwAKz0GA6WydyLKJ,bfKk4jq9TBB9vlnB4TjH,create,SAFE_CURRENT_ENROLLMENT,active,2026-07-10,2026-09-04,WyJRaWFnandBS3owR0E2V3lkeUxLSiIsImJmS2s0anE5VEJCOXZsbkI0VGpIIiwiMjAyNi0wNy0xMCJd
QKcLsNAgfgVm6dv6p3DL,eIcP0Zb20aitPkMA9uFs,exclude,EXISTING_ENROLLMENT,,,,
ql3d6VL9lbJtQ2zYfWSV,dIEGKNxQyAS4uRtQmnPq,create,SAFE_CURRENT_ENROLLMENT,active,2026-07-13,2026-09-06,WyJxbDNkNlZMOWxiSnRRMnpZZldTViIsImRJRUdLTnhReUFTNHVSdFFtblBxIiwiMjAyNi0wNy0xMyJd
qnQZLQBq0BijRGGNiJFL,vNK2ADOv5VCXhP3Q2sOg,create,SAFE_CURRENT_ENROLLMENT,active,2026-07-16,2026-09-08,WyJxblFaTFFCcTBCaWpSR0dOaUpGTCIsInZOSzJBRE92NVZDWGhQM1Eyc09nIiwiMjAyNi0wNy0xNiJd
qnRI8FY69ZPVDSuzVsI2,waoUqyi2aZ00NKgIcbIf,exclude,NON_CURRENT_STATUS,,,,
qTE04zetAFBW0EIhbKMf,lmCjwxAFU0oXzXSBdjW8,exclude,EXISTING_ENROLLMENT,,,,
qUADAF0o697iB3EJaXRz,eHaGs0lAu2GqMWW2i19N,exclude,NON_CURRENT_STATUS,,,,
QV1m6Ph1ifv5GnOku6ZF,xfrcmqXG5Eq8k0HsK7ip,create,SAFE_CURRENT_ENROLLMENT,active,2026-07-24,2026-09-12,WyJRVjFtNlBoMWlmdjVHbk9rdTZaRiIsInhmcmNtcVhHNUVxOGswSHNLN2lwIiwiMjAyNi0wNy0yNCJd
QX68uVxXZUwit1mi2hi0,MbEjkY4bZPvUt9ykRpPu,exclude,ENDED_CLASS,,,,
R4XTva2owmOkeFvtwt40,waoUqyi2aZ00NKgIcbIf,exclude,NON_CURRENT_STATUS,,,,
R6a4xc36fcXxDAdUeAJr,VWLk5yClGPg6muM1vBXa,create,SAFE_CURRENT_ENROLLMENT,active,2026-06-30,2026-08-20,WyJSNmE0eGMzNmZjWHhEQWRVZUFKciIsIlZXTGs1eUNsR1BnNm11TTF2QlhhIiwiMjAyNi0wNi0zMCJd
R8ORXWZ4gy1XX4hW2m5B,tGtoavV6esqgyuTMKVUf,create,SAFE_CURRENT_ENROLLMENT,active,2026-07-05,2026-08-29,WyJSOE9SWFdaNGd5MVhYNGhXMm01QiIsInRHdG9hdlY2ZXNxZ3l1VE1LVlVmIiwiMjAyNi0wNy0wNSJd
R9rxHG4gzCO1pnmqv1td,DPZ0ENoAC52canMi03Dr,create,SAFE_CURRENT_ENROLLMENT,active,2026-07-12,2026-09-05,WyJSOXJ4SEc0Z3pDTzFwbm1xdjF0ZCIsIkRQWjBFTm9BQzUyY2FuTWkwM0RyIiwiMjAyNi0wNy0xMiJd
rAP7u5IuhZqtVrvfWdhA,mxZlZe2CtUrOvjYhuwvi,create,SAFE_CURRENT_ENROLLMENT,active,2026-06-22,2026-08-16,WyJyQVA3dTVJdWhacXRWcnZmV2RoQSIsIm14WmxaZTJDdFVyT3ZqWWh1d3ZpIiwiMjAyNi0wNi0yMiJd
RcrnPEW0ZlcfgGoWzIH4,FigsTfwBAQzGlLBxfU2u,exclude,EXISTING_ENROLLMENT,,,,
RCVXDLDWkQ9cjenCr6Oh,187uCU8mzdnrWpziZrDe,create,SAFE_CURRENT_ENROLLMENT,active,2026-07-08,2026-08-28,WyJSQ1ZYRExEV2tROWNqZW5DcjZPaCIsIjE4N3VDVThtemRucldwemlackRlIiwiMjAyNi0wNy0wOCJd
rDA2ua7gGnKdI4iFgEsw,sFc2NhcpwbmdudLCPpIp,create,SAFE_CURRENT_ENROLLMENT,active,2026-06-27,2026-08-16,WyJyREEydWE3Z0duS2RJNGlGZ0VzdyIsInNGYzJOaGNwd2JtZHVkTENQcElwIiwiMjAyNi0wNi0yNyJd
rdAyR7AYfmhYRXnyTFg7,lYMDImfr5T7qBTEXcmSW,create,SAFE_CURRENT_ENROLLMENT,active,2026-07-12,2026-08-31,WyJyZEF5UjdBWWZtaFlSWG55VEZnNyIsImxZTURJbWZyNVQ3cUJURVhjbVNXIiwiMjAyNi0wNy0xMiJd
rDyhbp5Mxy63b0K4cVbP,htDI41OT3fXxmNWfnknT,exclude,EXISTING_ENROLLMENT,,,,
RFQ3dkgMx2B6x1BEuA8A,8gRFsTVLErsXTi2DbRyD,create,SAFE_CURRENT_ENROLLMENT,active,2026-06-28,2026-08-22,WyJSRlEzZGtnTXgyQjZ4MUJFdUE4QSIsIjhnUkZzVFZMRXJzWFRpMkRiUnlEIiwiMjAyNi0wNi0yOCJd
rGmOJLNVMkUtLDmOWgfS,waoUqyi2aZ00NKgIcbIf,exclude,NON_CURRENT_STATUS,,,,
rlnzZ18oRBrPR1L8txpH,DPZ0ENoAC52canMi03Dr,create,SAFE_CURRENT_ENROLLMENT,active,2026-07-12,2026-09-05,WyJybG56WjE4b1JCclBSMUw4dHhwSCIsIkRQWjBFTm9BQzUyY2FuTWkwM0RyIiwiMjAyNi0wNy0xMiJd
rM16TsQfUdAMCKFiKDVC,tGtoavV6esqgyuTMKVUf,create,SAFE_CURRENT_ENROLLMENT,active,2026-07-05,2026-08-29,WyJyTTE2VHNRZlVkQU1DS0ZpS0RWQyIsInRHdG9hdlY2ZXNxZ3l1VE1LVlVmIiwiMjAyNi0wNy0wNSJd
ROex3EQ8IQPEScVbmZ7b,vNK2ADOv5VCXhP3Q2sOg,create,SAFE_CURRENT_ENROLLMENT,active,2026-07-16,2026-09-08,WyJST2V4M0VROElRUEVTY1ZibVo3YiIsInZOSzJBRE92NVZDWGhQM1Eyc09nIiwiMjAyNi0wNy0xNiJd
RpDSukaBMirqCbvPCeJ6,ERCRTO9edy422YC37xiy,create,SAFE_CURRENT_ENROLLMENT,active,2026-07-11,2026-08-30,WyJScERTdWthQk1pcnFDYnZQQ2VKNiIsIkVSQ1JUTzllZHk0MjJZQzM3eGl5IiwiMjAyNi0wNy0xMSJd
RV3VPBNaa21bmkSow9He,Z8oeO9IN5H3lsV6IOAoH,exclude,NON_CURRENT_STATUS,,,,
Rwv1Zuzph5WwqbVfdlj7,pAKl7xpSLd1atr3eRofo,create,SAFE_CURRENT_ENROLLMENT,active,2026-06-23,2026-08-13,WyJSd3YxWnV6cGg1V3dxYlZmZGxqNyIsInBBS2w3eHBTTGQxYXRyM2VSb2ZvIiwiMjAyNi0wNi0yMyJd
Rx1b1OP1jxQXCyPZcVgv,aoaDsr3lgBvSj211VCkJ,exclude,EXISTING_ENROLLMENT,,,,
rxjNF9dPmYg0VDBar9BY,RI6vRY14dJtwLSpdy1Bc,exclude,EXISTING_ENROLLMENT,,,,
rYl4IjKBDdoqzrE2SqBl,71GVOT1409eW8tTLpPuE,exclude,EXISTING_ENROLLMENT,,,,
ryLJMe3o80RdDliHeEiq,MbEjkY4bZPvUt9ykRpPu,exclude,ENDED_CLASS,,,,
s5CJt4sC4vrlTjKxdzIb,pAKl7xpSLd1atr3eRofo,create,SAFE_CURRENT_ENROLLMENT,active,2026-06-23,2026-08-13,WyJzNUNKdDRzQzR2cmxUakt4ZHpJYiIsInBBS2w3eHBTTGQxYXRyM2VSb2ZvIiwiMjAyNi0wNi0yMyJd
S5lDJnnK28yCBItrsrMS,FigsTfwBAQzGlLBxfU2u,exclude,EXISTING_ENROLLMENT,,,,
SATT5KN0QS2kvWiegiQe,VWLk5yClGPg6muM1vBXa,create,SAFE_CURRENT_ENROLLMENT,active,2026-06-30,2026-08-20,WyJTQVRUNUtOMFFTMmt2V2llZ2lRZSIsIlZXTGs1eUNsR1BnNm11TTF2QlhhIiwiMjAyNi0wNi0zMCJd
Sb5tIuVeU8S5mYsRzAE5,RI6vRY14dJtwLSpdy1Bc,exclude,EXISTING_ENROLLMENT,,,,
SBBG8NyScGHvyjquwWQ8,b6GS6Dg5npzK3y2iRpbs,create,SAFE_CURRENT_ENROLLMENT,active,2026-07-02,2026-08-25,WyJTQkJHOE55U2NHSHZ5anF1d1dROCIsImI2R1M2RGc1bnB6SzN5MmlScGJzIiwiMjAyNi0wNy0wMiJd
SbfIdp1kPNqvhfpGqjEQ,AnxnD92cSGEYTMqhNFw5,create,SAFE_CURRENT_ENROLLMENT,active,2026-07-22,2026-09-16,WyJTYmZJZHAxa1BOcXZoZnBHcWpFUSIsIkFueG5EOTJjU0dFWVRNcWhORnc1IiwiMjAyNi0wNy0yMiJd
Sf5Ak8BjjqyKJx0IADXv,LMpRvmwnanq28ftRLvP3,exclude,NON_CURRENT_STATUS,,,,
sIbdNxIyn1yqQiRRBhpJ,WqLGvTj9Kft3C69PU08V,exclude,ENDED_CLASS,,,,
sIQ4iSt6EMCRi1ISqiuo,NQ1K3m1shKBZJSVegPme,exclude,EXISTING_ENROLLMENT,,,,
SJY44bhaMRi1RiEo3k1V,vNK2ADOv5VCXhP3Q2sOg,create,SAFE_CURRENT_ENROLLMENT,active,2026-07-16,2026-09-08,WyJTSlk0NGJoYU1SaTFSaUVvM2sxViIsInZOSzJBRE92NVZDWGhQM1Eyc09nIiwiMjAyNi0wNy0xNiJd
sKD4AFa6GVIZFWuZ87a2,pAKl7xpSLd1atr3eRofo,create,SAFE_CURRENT_ENROLLMENT,active,2026-06-23,2026-08-13,WyJzS0Q0QUZhNkdWSVpGV3VaODdhMiIsInBBS2w3eHBTTGQxYXRyM2VSb2ZvIiwiMjAyNi0wNi0yMyJd
sld6ddKsn4QlOlApkEII,187uCU8mzdnrWpziZrDe,create,SAFE_CURRENT_ENROLLMENT,active,2026-07-08,2026-08-28,WyJzbGQ2ZGRLc240UWxPbEFwa0VJSSIsIjE4N3VDVThtemRucldwemlackRlIiwiMjAyNi0wNy0wOCJd
slQKiNTkaaoQJRwBTrne,ScflKHWUpRh4aVD7zCXr,create,SAFE_CURRENT_ENROLLMENT,active,2026-07-20,2026-09-13,WyJzbFFLaU5Ua2Fhb1FKUndCVHJuZSIsIlNjZmxLSFdVcFJoNGFWRDd6Q1hyIiwiMjAyNi0wNy0yMCJd
sNPW4TLC6pYt5eOpuMHV,lYMDImfr5T7qBTEXcmSW,create,SAFE_CURRENT_ENROLLMENT,active,2026-07-12,2026-08-31,WyJzTlBXNFRMQzZwWXQ1ZU9wdU1IViIsImxZTURJbWZyNVQ3cUJURVhjbVNXIiwiMjAyNi0wNy0xMiJd
SpxptnxbfrNsYumZl71O,YEGhVcj27boYOrEf2iSE,exclude,NON_CURRENT_STATUS,,,,
sRDmmEkluM2oxoxPZKgL,lYMDImfr5T7qBTEXcmSW,exclude,NON_CURRENT_STATUS,,,,
SRMMY0ZqDryIhS82yOqT,Z8oeO9IN5H3lsV6IOAoH,exclude,NON_CURRENT_STATUS,,,,
SSF9E5pE1rXenUJyH5ZW,eHaGs0lAu2GqMWW2i19N,exclude,NON_CURRENT_STATUS,,,,
sSpn6Dm1LUjwzMDMcc6e,pAKl7xpSLd1atr3eRofo,create,SAFE_CURRENT_ENROLLMENT,active,2026-06-23,2026-08-13,WyJzU3BuNkRtMUxVand6TURNY2M2ZSIsInBBS2w3eHBTTGQxYXRyM2VSb2ZvIiwiMjAyNi0wNi0yMyJd
Su8aWToP9piS4e9poVtf,lmCjwxAFU0oXzXSBdjW8,exclude,EXISTING_ENROLLMENT,,,,
sUNR9BtIjxuUjyfTPWmU,NQ1K3m1shKBZJSVegPme,exclude,EXISTING_ENROLLMENT,,,,
SyksvnvDc9ogyJggg4HU,8gRFsTVLErsXTi2DbRyD,create,SAFE_CURRENT_ENROLLMENT,active,2026-06-28,2026-08-22,WyJTeWtzdm52RGM5b2d5SmdnZzRIVSIsIjhnUkZzVFZMRXJzWFRpMkRiUnlEIiwiMjAyNi0wNi0yOCJd
szeGqNASBk9bkHvW5wdv,NQ1K3m1shKBZJSVegPme,exclude,EXISTING_ENROLLMENT,,,,
T1nyVkgVVq5U7vXy7Ppu,FigsTfwBAQzGlLBxfU2u,exclude,EXISTING_ENROLLMENT,,,,
t43Rp6cHjV0VilfyZJF2,VWLk5yClGPg6muM1vBXa,create,SAFE_CURRENT_ENROLLMENT,active,2026-06-30,2026-08-20,WyJ0NDNScDZjSGpWMFZpbGZ5WkpGMiIsIlZXTGs1eUNsR1BnNm11TTF2QlhhIiwiMjAyNi0wNi0zMCJd
T6VAFZPAtamFzUWFMBYq,7Fxj71SvCY5SSGACTZ8C,exclude,NON_CURRENT_STATUS,,,,
taYVi75YN6aqR0ZnCdPb,WTZAYh5srIEDgPEDjzwn,exclude,EXISTING_ENROLLMENT,,,,
tc9w6zEE8h5SeB5KthV0,NQ1K3m1shKBZJSVegPme,exclude,EXISTING_ENROLLMENT,,,,
TDv2bVcJwsMnuR7p2mHG,DRjcUgJIng8OdUMVof8X,create,SAFE_CURRENT_ENROLLMENT,active,2026-07-11,2026-08-30,WyJURHYyYlZjSndzTW51UjdwMm1IRyIsIkRSamNVZ0pJbmc4T2RVTVZvZjhYIiwiMjAyNi0wNy0xMSJd
TEXQYsNzAFU616f0dXUo,mxZlZe2CtUrOvjYhuwvi,create,SAFE_CURRENT_ENROLLMENT,active,2026-06-22,2026-08-16,WyJURVhRWXNOekFGVTYxNmYwZFhVbyIsIm14WmxaZTJDdFVyT3ZqWWh1d3ZpIiwiMjAyNi0wNi0yMiJd
tg0yxhApt3q6FJiz8PEO,eIcP0Zb20aitPkMA9uFs,exclude,EXISTING_ENROLLMENT,,,,
tg2NDRyZzPEe3GO2mifc,pAKl7xpSLd1atr3eRofo,exclude,EXISTING_ENROLLMENT,,,,
ThxsmdNbUHBZxVaqMVVT,7Fxj71SvCY5SSGACTZ8C,exclude,EXISTING_ENROLLMENT,,,,
TKDzkpeL4vFpqh28maZi,DRjcUgJIng8OdUMVof8X,create,SAFE_CURRENT_ENROLLMENT,active,2026-07-11,2026-08-30,WyJUS0R6a3BlTDR2RnBxaDI4bWFaaSIsIkRSamNVZ0pJbmc4T2RVTVZvZjhYIiwiMjAyNi0wNy0xMSJd
tLvD8zS3eJqZiykZfkBb,eHaGs0lAu2GqMWW2i19N,exclude,NON_CURRENT_STATUS,,,,
tmKwk8wX4Qf13ZBefqh5,htDI41OT3fXxmNWfnknT,exclude,EXISTING_ENROLLMENT,,,,
tMTXKfr6u3dBUN1gTaqX,bfKk4jq9TBB9vlnB4TjH,create,SAFE_CURRENT_ENROLLMENT,active,2026-07-10,2026-09-04,WyJ0TVRYS2ZyNnUzZEJVTjFnVGFxWCIsImJmS2s0anE5VEJCOXZsbkI0VGpIIiwiMjAyNi0wNy0xMCJd
TO7l41qnpYViJAK12ZUv,8gRFsTVLErsXTi2DbRyD,create,SAFE_CURRENT_ENROLLMENT,on_leave,2026-06-28,2026-08-22,WyJUTzdsNDFxbnBZVmlKQUsxMlpVdiIsIjhnUkZzVFZMRXJzWFRpMkRiUnlEIiwiMjAyNi0wNi0yOCJd
TPR9dz0Sy16Y5Q9fTan6,pAKl7xpSLd1atr3eRofo,create,SAFE_CURRENT_ENROLLMENT,active,2026-06-23,2026-08-13,WyJUUFI5ZHowU3kxNlk1UTlmVGFuNiIsInBBS2w3eHBTTGQxYXRyM2VSb2ZvIiwiMjAyNi0wNi0yMyJd
TptDUh7JOmIVUBOAHNGI,8gRFsTVLErsXTi2DbRyD,create,SAFE_CURRENT_ENROLLMENT,active,2026-06-28,2026-08-22,WyJUcHREVWg3Sk9tSVZVQk9BSE5HSSIsIjhnUkZzVFZMRXJzWFRpMkRiUnlEIiwiMjAyNi0wNi0yOCJd
TVq5dIMoQmhO21hd8ezb,vNK2ADOv5VCXhP3Q2sOg,create,SAFE_CURRENT_ENROLLMENT,active,2026-07-16,2026-09-08,WyJUVnE1ZElNb1FtaE8yMWhkOGV6YiIsInZOSzJBRE92NVZDWGhQM1Eyc09nIiwiMjAyNi0wNy0xNiJd
TYEcL8PlyxNuL7q89ieG,lmCjwxAFU0oXzXSBdjW8,exclude,EXISTING_ENROLLMENT,,,,
Tz7RG92V6wqWdEIF9M6M,tGtoavV6esqgyuTMKVUf,create,SAFE_CURRENT_ENROLLMENT,active,2026-07-05,2026-08-29,WyJUejdSRzkyVjZ3cVdkRUlGOU02TSIsInRHdG9hdlY2ZXNxZ3l1VE1LVlVmIiwiMjAyNi0wNy0wNSJd
TzlO79t2BxRD0biqvyQX,AnxnD92cSGEYTMqhNFw5,create,SAFE_CURRENT_ENROLLMENT,active,2026-07-22,2026-09-16,WyJUemxPNzl0MkJ4UkQwYmlxdnlRWCIsIkFueG5EOTJjU0dFWVRNcWhORnc1IiwiMjAyNi0wNy0yMiJd
u1LJuNNso9nm6gzlMjS5,eIcP0Zb20aitPkMA9uFs,exclude,EXISTING_ENROLLMENT,,,,
U26VReVvh5e5KMY3gsUl,RI6vRY14dJtwLSpdy1Bc,exclude,EXISTING_ENROLLMENT,,,,
U38slOmxUtx4KiyTopaS,AnxnD92cSGEYTMqhNFw5,create,SAFE_CURRENT_ENROLLMENT,on_leave,2026-07-22,2026-09-16,WyJVMzhzbE9teFV0eDRLaXlUb3BhUyIsIkFueG5EOTJjU0dFWVRNcWhORnc1IiwiMjAyNi0wNy0yMiJd
u5jSMHXtEZlxuXfEUIaq,8gRFsTVLErsXTi2DbRyD,create,SAFE_CURRENT_ENROLLMENT,active,2026-06-28,2026-08-22,WyJ1NWpTTUhYdEVabHh1WGZFVUlhcSIsIjhnUkZzVFZMRXJzWFRpMkRiUnlEIiwiMjAyNi0wNi0yOCJd
u5V7tJCbWDY7KD0IAiFr,Z8oeO9IN5H3lsV6IOAoH,exclude,NON_CURRENT_STATUS,,,,
U6utVw5gSWJQi0uupu19,lYMDImfr5T7qBTEXcmSW,create,SAFE_CURRENT_ENROLLMENT,active,2026-07-12,2026-08-31,WyJVNnV0Vnc1Z1NXSlFpMHV1cHUxOSIsImxZTURJbWZyNVQ3cUJURVhjbVNXIiwiMjAyNi0wNy0xMiJd
U7H0cINIPWYfLT5BtpwE,NQ1K3m1shKBZJSVegPme,exclude,EXISTING_ENROLLMENT,,,,
uEsaPYetz9v3bn4fxgjD,htDI41OT3fXxmNWfnknT,exclude,EXISTING_ENROLLMENT,,,,
UFpfNXj8L7BFOcBXb5l1,xfrcmqXG5Eq8k0HsK7ip,create,SAFE_CURRENT_ENROLLMENT,active,2026-07-24,2026-09-12,WyJVRnBmTlhqOEw3QkZPY0JYYjVsMSIsInhmcmNtcVhHNUVxOGswSHNLN2lwIiwiMjAyNi0wNy0yNCJd
uGpRr2cbL01c1NrgIP62,lYMDImfr5T7qBTEXcmSW,create,SAFE_CURRENT_ENROLLMENT,active,2026-07-12,2026-08-31,WyJ1R3BScjJjYkwwMWMxTnJnSVA2MiIsImxZTURJbWZyNVQ3cUJURVhjbVNXIiwiMjAyNi0wNy0xMiJd
UGtAM5kxkPSL0m80fjUK,DRjcUgJIng8OdUMVof8X,create,SAFE_CURRENT_ENROLLMENT,active,2026-07-11,2026-08-30,WyJVR3RBTTVreGtQU0wwbTgwZmpVSyIsIkRSamNVZ0pJbmc4T2RVTVZvZjhYIiwiMjAyNi0wNy0xMSJd
Uj8CnnIsq3wlqoA3UlNf,RI6vRY14dJtwLSpdy1Bc,exclude,EXISTING_ENROLLMENT,,,,
ukE7OnkU4kZ4ZuEmC6yP,DRjcUgJIng8OdUMVof8X,create,SAFE_CURRENT_ENROLLMENT,active,2026-07-11,2026-08-30,WyJ1a0U3T25rVTRrWjRadUVtQzZ5UCIsIkRSamNVZ0pJbmc4T2RVTVZvZjhYIiwiMjAyNi0wNy0xMSJd
UluFVLJ74W9fU4dgZWIr,b6GS6Dg5npzK3y2iRpbs,create,SAFE_CURRENT_ENROLLMENT,active,2026-07-02,2026-08-25,WyJVbHVGVkxKNzRXOWZVNGRnWldJciIsImI2R1M2RGc1bnB6SzN5MmlScGJzIiwiMjAyNi0wNy0wMiJd
UMR4NNIlaXnxDFiB3g8A,7Fxj71SvCY5SSGACTZ8C,exclude,EXISTING_ENROLLMENT,,,,
UnFrslEivdKTi9UYWBu2,pAKl7xpSLd1atr3eRofo,exclude,EXISTING_ENROLLMENT,,,,
uu7ZX0ExZfZzsQ5MMzJc,8gRFsTVLErsXTi2DbRyD,create,SAFE_CURRENT_ENROLLMENT,on_leave,2026-06-28,2026-08-22,WyJ1dTdaWDBFeFpmWnpzUTVNTXpKYyIsIjhnUkZzVFZMRXJzWFRpMkRiUnlEIiwiMjAyNi0wNi0yOCJd
uYAubWQP8R25hfxtDSN4,PVSYXAXaSz9rqGa5MFFw,create,SAFE_CURRENT_ENROLLMENT,active,2026-07-15,2026-09-09,WyJ1WUF1YldRUDhSMjVoZnh0RFNONCIsIlBWU1lYQVhhU3o5cnFHYTVNRkZ3IiwiMjAyNi0wNy0xNSJd
vaUdIzd9DLQsgQjt8YyZ,WqLGvTj9Kft3C69PU08V,exclude,ENDED_CLASS,,,,
vAWm1kM2sfKGAx5S7DjX,71GVOT1409eW8tTLpPuE,exclude,EXISTING_ENROLLMENT,,,,
VbC7a3bK8hisNzXl0yTk,htDI41OT3fXxmNWfnknT,exclude,EXISTING_ENROLLMENT,,,,
VFsi20R37tXFJmCe7AWC,RI6vRY14dJtwLSpdy1Bc,exclude,EXISTING_ENROLLMENT,,,,
VINkGdPZyIb4nHDglKRg,dIEGKNxQyAS4uRtQmnPq,create,SAFE_CURRENT_ENROLLMENT,active,2026-07-13,2026-09-06,WyJWSU5rR2RQWnlJYjRuSERnbEtSZyIsImRJRUdLTnhReUFTNHVSdFFtblBxIiwiMjAyNi0wNy0xMyJd
ViRSm0fpD1bDdFDdzGdt,AnxnD92cSGEYTMqhNFw5,create,SAFE_CURRENT_ENROLLMENT,active,2026-07-22,2026-09-16,WyJWaVJTbTBmcEQxYkRkRkRkekdkdCIsIkFueG5EOTJjU0dFWVRNcWhORnc1IiwiMjAyNi0wNy0yMiJd
VkkyFKhpUR2HlfI1KRGQ,LMpRvmwnanq28ftRLvP3,exclude,NON_CURRENT_STATUS,,,,
Vm2PvzwX51lZA3GXD29W,ERCRTO9edy422YC37xiy,create,SAFE_CURRENT_ENROLLMENT,active,2026-07-11,2026-08-30,WyJWbTJQdnp3WDUxbFpBM0dYRDI5VyIsIkVSQ1JUTzllZHk0MjJZQzM3eGl5IiwiMjAyNi0wNy0xMSJd
vM8rN80nMhFvDdg0or07,FigsTfwBAQzGlLBxfU2u,exclude,EXISTING_ENROLLMENT,,,,
VmpktDtTCTdqDDJnRleA,KrranixViHUAu0AGnohg,create,SAFE_CURRENT_ENROLLMENT,active,2026-07-04,2026-08-23,WyJWbXBrdER0VENUZHFEREpuUmxlQSIsIktycmFuaXhWaUhVQXUwQUdub2hnIiwiMjAyNi0wNy0wNCJd
vo37c6tXknVMuJHiMMNO,FigsTfwBAQzGlLBxfU2u,exclude,EXISTING_ENROLLMENT,,,,
VOAjymHzGAwWCapyPwwO,XXTe0dcLydenBbhXkIHF,create,SAFE_CURRENT_ENROLLMENT,active,2026-06-20,2026-08-09,WyJWT0FqeW1IekdBd1dDYXB5UHd3TyIsIlhYVGUwZGNMeWRlbkJiaFhrSUhGIiwiMjAyNi0wNi0yMCJd
voxxMZkaHJ2x42kW6KuI,fLTQJCJuhG9JhJZBJxYb,create,SAFE_CURRENT_ENROLLMENT,active,2026-07-06,2026-08-26,WyJ2b3h4TVprYUhKMng0MmtXNkt1SSIsImZMVFFKQ0p1aEc5SmhKWkJKeFliIiwiMjAyNi0wNy0wNiJd
vPZB7fLiIqjQY7ymNIMK,b6GS6Dg5npzK3y2iRpbs,create,SAFE_CURRENT_ENROLLMENT,on_leave,2026-07-02,2026-08-25,WyJ2UFpCN2ZMaUlxalFZN3ltTklNSyIsImI2R1M2RGc1bnB6SzN5MmlScGJzIiwiMjAyNi0wNy0wMiJd
VrfuH0UOwzbENXeUqokz,VWLk5yClGPg6muM1vBXa,create,SAFE_CURRENT_ENROLLMENT,active,2026-06-30,2026-08-20,WyJWcmZ1SDBVT3d6YkVOWGVVcW9reiIsIlZXTGs1eUNsR1BnNm11TTF2QlhhIiwiMjAyNi0wNi0zMCJd
vsc5MQ4WJFWLM557i7M5,YEGhVcj27boYOrEf2iSE,exclude,NON_CURRENT_STATUS,,,,
VSSTkx3D1e91dpUssPgz,eHaGs0lAu2GqMWW2i19N,exclude,NON_CURRENT_STATUS,,,,
vWFLLkRWCiUrERnT5QBd,NQ1K3m1shKBZJSVegPme,exclude,EXISTING_ENROLLMENT,,,,
W1IQVXAZfw68wMfZYZPt,WqLGvTj9Kft3C69PU08V,exclude,ENDED_CLASS,,,,
w3rBn2tzNwAxrjt96X5a,WTZAYh5srIEDgPEDjzwn,exclude,EXISTING_ENROLLMENT,,,,
W6yjDdfNFDH6wL97CSSs,NQ1K3m1shKBZJSVegPme,exclude,EXISTING_ENROLLMENT,,,,
w9ixaPbLVaIUwoDhS9mO,tGtoavV6esqgyuTMKVUf,create,SAFE_CURRENT_ENROLLMENT,active,2026-07-05,2026-08-29,WyJ3OWl4YVBiTFZhSVV3b0RoUzltTyIsInRHdG9hdlY2ZXNxZ3l1VE1LVlVmIiwiMjAyNi0wNy0wNSJd
W9N6MR9Tj4rHREjfGD2G,waoUqyi2aZ00NKgIcbIf,exclude,NON_CURRENT_STATUS,,,,
WaIT3BV6f9rzphKBWhTQ,eHaGs0lAu2GqMWW2i19N,exclude,NON_CURRENT_STATUS,,,,
wE32C8f3hEki9la324FU,htDI41OT3fXxmNWfnknT,exclude,EXISTING_ENROLLMENT,,,,
WEbFniDzwoO0j8c9AhUk,aoaDsr3lgBvSj211VCkJ,exclude,EXISTING_ENROLLMENT,,,,
wgjeUk0Tb4rHItGLMAyw,WqLGvTj9Kft3C69PU08V,exclude,ENDED_CLASS,,,,
wgNpRFU3hBtWNjER33GK,bfKk4jq9TBB9vlnB4TjH,create,SAFE_CURRENT_ENROLLMENT,on_leave,2026-07-10,2026-09-04,WyJ3Z05wUkZVM2hCdFdOakVSMzNHSyIsImJmS2s0anE5VEJCOXZsbkI0VGpIIiwiMjAyNi0wNy0xMCJd
wGZkCw7ihuAdACZ8bVJ3,htDI41OT3fXxmNWfnknT,exclude,EXISTING_ENROLLMENT,,,,
Wiiygeovk2boHTgoFwu8,187uCU8mzdnrWpziZrDe,create,SAFE_CURRENT_ENROLLMENT,active,2026-07-08,2026-08-28,WyJXaWl5Z2VvdmsyYm9IVGdvRnd1OCIsIjE4N3VDVThtemRucldwemlackRlIiwiMjAyNi0wNy0wOCJd
WIoy9n7QvtIewPOvfkAC,8gRFsTVLErsXTi2DbRyD,create,SAFE_CURRENT_ENROLLMENT,active,2026-06-28,2026-08-22,WyJXSW95OW43UXZ0SWV3UE92ZmtBQyIsIjhnUkZzVFZMRXJzWFRpMkRiUnlEIiwiMjAyNi0wNi0yOCJd
wJICOBnqS5F3PG4UfaY1,AnxnD92cSGEYTMqhNFw5,create,SAFE_CURRENT_ENROLLMENT,active,2026-07-22,2026-09-16,WyJ3SklDT0JucVM1RjNQRzRVZmFZMSIsIkFueG5EOTJjU0dFWVRNcWhORnc1IiwiMjAyNi0wNy0yMiJd
wJQQCV8AB64H9xUasSWm,FigsTfwBAQzGlLBxfU2u,exclude,EXISTING_ENROLLMENT,,,,
WldZQVaSFD4x8sXpS8e0,RI6vRY14dJtwLSpdy1Bc,exclude,EXISTING_ENROLLMENT,,,,
WoifYVJBBejawOE8swng,MbEjkY4bZPvUt9ykRpPu,exclude,ENDED_CLASS,,,,
wOr09fUNFkeEMb4j2iBi,lmCjwxAFU0oXzXSBdjW8,exclude,EXISTING_ENROLLMENT,,,,
wR5zBIafBBbFslf6x1uE,htDI41OT3fXxmNWfnknT,exclude,EXISTING_ENROLLMENT,,,,
wSipYj8fjRtpbeGi3Ebp,AnxnD92cSGEYTMqhNFw5,create,SAFE_CURRENT_ENROLLMENT,active,2026-07-22,2026-09-16,WyJ3U2lwWWo4ZmpSdHBiZUdpM0VicCIsIkFueG5EOTJjU0dFWVRNcWhORnc1IiwiMjAyNi0wNy0yMiJd
wsWWPyX834G9xkCXDwQN,LMpRvmwnanq28ftRLvP3,exclude,NON_CURRENT_STATUS,,,,
wtCiLXC3D4ubTl5Di4s5,RI6vRY14dJtwLSpdy1Bc,exclude,EXISTING_ENROLLMENT,,,,
wuvJ4ZVvWFQAvaER8WdM,aoaDsr3lgBvSj211VCkJ,exclude,EXISTING_ENROLLMENT,,,,
wUXUcHJo7yl1tp8HDMW3,lYMDImfr5T7qBTEXcmSW,create,SAFE_CURRENT_ENROLLMENT,active,2026-07-12,2026-08-31,WyJ3VVhVY0hKbzd5bDF0cDhIRE1XMyIsImxZTURJbWZyNVQ3cUJURVhjbVNXIiwiMjAyNi0wNy0xMiJd
Ww0tUsyki6gQBkQHXwMO,6GmA0pfCfbyeUmHYcT2D,exclude,NON_CURRENT_STATUS,,,,
wwKEPUBrpJacbamDU9SE,b6GS6Dg5npzK3y2iRpbs,create,SAFE_CURRENT_ENROLLMENT,active,2026-07-02,2026-08-25,WyJ3d0tFUFVCcnBKYWNiYW1EVTlTRSIsImI2R1M2RGc1bnB6SzN5MmlScGJzIiwiMjAyNi0wNy0wMiJd
wxaSwT1IM9YQIvldLcrP,LMpRvmwnanq28ftRLvP3,exclude,NON_CURRENT_STATUS,,,,
wxgchYRIOBbcezkT97d2,htDI41OT3fXxmNWfnknT,exclude,EXISTING_ENROLLMENT,,,,
WZc8KAn40kqRrYNOa9EO,eHaGs0lAu2GqMWW2i19N,exclude,NON_CURRENT_STATUS,,,,
x5rvRVLuAqa8g08KmOn4,8gRFsTVLErsXTi2DbRyD,create,SAFE_CURRENT_ENROLLMENT,on_leave,2026-06-28,2026-08-22,WyJ4NXJ2UlZMdUFxYThnMDhLbU9uNCIsIjhnUkZzVFZMRXJzWFRpMkRiUnlEIiwiMjAyNi0wNi0yOCJd
x6tWPvRiXlQHc9cKiLBA,bfKk4jq9TBB9vlnB4TjH,create,SAFE_CURRENT_ENROLLMENT,active,2026-07-10,2026-09-04,WyJ4NnRXUHZSaVhsUUhjOWNLaUxCQSIsImJmS2s0anE5VEJCOXZsbkI0VGpIIiwiMjAyNi0wNy0xMCJd
xAJgYXsCf3wvJC4kQJSv,DPZ0ENoAC52canMi03Dr,create,SAFE_CURRENT_ENROLLMENT,active,2026-07-12,2026-09-05,WyJ4QUpnWVhzQ2Yzd3ZKQzRrUUpTdiIsIkRQWjBFTm9BQzUyY2FuTWkwM0RyIiwiMjAyNi0wNy0xMiJd
Xe8RIMdyGosDNvmMMtqY,Z8oeO9IN5H3lsV6IOAoH,exclude,NON_CURRENT_STATUS,,,,
xfjanNyj7JqVQEb7PoCY,ERCRTO9edy422YC37xiy,create,SAFE_CURRENT_ENROLLMENT,active,2026-07-11,2026-08-30,WyJ4Zmphbk55ajdKcVZRRWI3UG9DWSIsIkVSQ1JUTzllZHk0MjJZQzM3eGl5IiwiMjAyNi0wNy0xMSJd
XHqD2XRJaKfUTw8fAuLf,xfrcmqXG5Eq8k0HsK7ip,create,SAFE_CURRENT_ENROLLMENT,active,2026-07-24,2026-09-12,WyJYSHFEMlhSSmFLZlVUdzhmQXVMZiIsInhmcmNtcVhHNUVxOGswSHNLN2lwIiwiMjAyNi0wNy0yNCJd
xk7lXOw5etKP2YUO37rp,PVSYXAXaSz9rqGa5MFFw,create,SAFE_CURRENT_ENROLLMENT,active,2026-07-15,2026-09-09,WyJ4azdsWE93NWV0S1AyWVVPMzdycCIsIlBWU1lYQVhhU3o5cnFHYTVNRkZ3IiwiMjAyNi0wNy0xNSJd
XkJbLv5IU2Hw2DuMHT6P,DPZ0ENoAC52canMi03Dr,create,SAFE_CURRENT_ENROLLMENT,active,2026-07-12,2026-09-05,WyJYa0piTHY1SVUySHcyRHVNSFQ2UCIsIkRQWjBFTm9BQzUyY2FuTWkwM0RyIiwiMjAyNi0wNy0xMiJd
XkrtjLcO40Fs76XDxbkz,PVSYXAXaSz9rqGa5MFFw,create,SAFE_CURRENT_ENROLLMENT,active,2026-07-15,2026-09-09,WyJYa3J0akxjTzQwRnM3NlhEeGJreiIsIlBWU1lYQVhhU3o5cnFHYTVNRkZ3IiwiMjAyNi0wNy0xNSJd
xNswX1A82zKUMTkXzAo5,6GmA0pfCfbyeUmHYcT2D,exclude,NON_CURRENT_STATUS,,,,
xOqLvGs8BuIA20KcuG1X,mxZlZe2CtUrOvjYhuwvi,create,SAFE_CURRENT_ENROLLMENT,active,2026-06-22,2026-08-16,WyJ4T3FMdkdzOEJ1SUEyMEtjdUcxWCIsIm14WmxaZTJDdFVyT3ZqWWh1d3ZpIiwiMjAyNi0wNi0yMiJd
xP37DASaAJvKQRVYLGXM,Z8oeO9IN5H3lsV6IOAoH,exclude,NON_CURRENT_STATUS,,,,
XQeynqt92tEanTTjwiSX,AnxnD92cSGEYTMqhNFw5,create,SAFE_CURRENT_ENROLLMENT,active,2026-07-22,2026-09-16,WyJYUWV5bnF0OTJ0RWFuVFRqd2lTWCIsIkFueG5EOTJjU0dFWVRNcWhORnc1IiwiMjAyNi0wNy0yMiJd
xqpw41L0QPlDv9rKpgBg,NQ1K3m1shKBZJSVegPme,exclude,EXISTING_ENROLLMENT,,,,
xrTOpX2om1uj2vTAaA6E,71GVOT1409eW8tTLpPuE,exclude,EXISTING_ENROLLMENT,,,,
XtGDcCpnOYp2cjXNiMPo,2GIu9f1T94IoMFu7F6Ye,exclude,NON_CURRENT_STATUS,,,,
XtvFuuoVBghehEopK5Ha,waoUqyi2aZ00NKgIcbIf,exclude,NON_CURRENT_STATUS,,,,
xxfdxHJc5vPAcdMVUkm0,ERCRTO9edy422YC37xiy,create,SAFE_CURRENT_ENROLLMENT,active,2026-07-11,2026-08-30,WyJ4eGZkeEhKYzV2UEFjZE1WVWttMCIsIkVSQ1JUTzllZHk0MjJZQzM3eGl5IiwiMjAyNi0wNy0xMSJd
XYlLW5nAeyqLHMEUhLpF,dIEGKNxQyAS4uRtQmnPq,exclude,NON_CURRENT_STATUS,,,,
XZUu6Fga4omBEft9zUfi,htDI41OT3fXxmNWfnknT,exclude,EXISTING_ENROLLMENT,,,,
YAcr3EVCaHv3bgokJQkN,XXTe0dcLydenBbhXkIHF,create,SAFE_CURRENT_ENROLLMENT,active,2026-06-20,2026-08-09,WyJZQWNyM0VWQ2FIdjNiZ29rSlFrTiIsIlhYVGUwZGNMeWRlbkJiaFhrSUhGIiwiMjAyNi0wNi0yMCJd
YBLfkJyAkxuJi8f9Iw5V,tY5PIISvWwaH4ZL7qGHX,create,SAFE_CURRENT_ENROLLMENT,on_leave,2026-06-13,2026-08-02,WyJZQkxma0p5QWt4dUppOGY5SXc1ViIsInRZNVBJSVN2V3dhSDRaTDdxR0hYIiwiMjAyNi0wNi0xMyJd
yCaNsnBMrhdzOVBpUm87,LMpRvmwnanq28ftRLvP3,exclude,NON_CURRENT_STATUS,,,,
Ydp30E4iKJzge80qtLu7,bfKk4jq9TBB9vlnB4TjH,create,SAFE_CURRENT_ENROLLMENT,active,2026-07-10,2026-09-04,WyJZZHAzMEU0aUtKemdlODBxdEx1NyIsImJmS2s0anE5VEJCOXZsbkI0VGpIIiwiMjAyNi0wNy0xMCJd
yeQimIWC6DxugFzv0gJ3,187uCU8mzdnrWpziZrDe,create,SAFE_CURRENT_ENROLLMENT,active,2026-07-08,2026-08-28,WyJ5ZVFpbUlXQzZEeHVnRnp2MGdKMyIsIjE4N3VDVThtemRucldwemlackRlIiwiMjAyNi0wNy0wOCJd
yGa773vKrpulZrbwWfyS,eHaGs0lAu2GqMWW2i19N,exclude,NON_CURRENT_STATUS,,,,
yGD1poFTnilNw872BYNO,DPZ0ENoAC52canMi03Dr,create,SAFE_CURRENT_ENROLLMENT,active,2026-07-12,2026-09-05,WyJ5R0QxcG9GVG5pbE53ODcyQllOTyIsIkRQWjBFTm9BQzUyY2FuTWkwM0RyIiwiMjAyNi0wNy0xMiJd
YgI44BqRw0kbGittdPgs,ScflKHWUpRh4aVD7zCXr,create,SAFE_CURRENT_ENROLLMENT,on_leave,2026-07-20,2026-09-13,WyJZZ0k0NEJxUncwa2JHaXR0ZFBncyIsIlNjZmxLSFdVcFJoNGFWRDd6Q1hyIiwiMjAyNi0wNy0yMCJd
ygNdnbPITHVNauklwh8N,bfKk4jq9TBB9vlnB4TjH,create,SAFE_CURRENT_ENROLLMENT,active,2026-07-10,2026-09-04,WyJ5Z05kbmJQSVRIVk5hdWtsd2g4TiIsImJmS2s0anE5VEJCOXZsbkI0VGpIIiwiMjAyNi0wNy0xMCJd
ykhpQLdfLe7vWKaG3DBB,tY5PIISvWwaH4ZL7qGHX,create,SAFE_CURRENT_ENROLLMENT,active,2026-06-13,2026-08-02,WyJ5a2hwUUxkZkxlN3ZXS2FHM0RCQiIsInRZNVBJSVN2V3dhSDRaTDdxR0hYIiwiMjAyNi0wNi0xMyJd
YKY6UKAGYN5VPOiGdCQs,xfrcmqXG5Eq8k0HsK7ip,create,SAFE_CURRENT_ENROLLMENT,active,2026-07-24,2026-09-12,WyJZS1k2VUtBR1lONVZQT2lHZENRcyIsInhmcmNtcVhHNUVxOGswSHNLN2lwIiwiMjAyNi0wNy0yNCJd
yMpweGhyP11Jv7mtJCY4,71GVOT1409eW8tTLpPuE,exclude,EXISTING_ENROLLMENT,,,,
YOKnZyvyafMseAGecmC1,PVSYXAXaSz9rqGa5MFFw,create,SAFE_CURRENT_ENROLLMENT,on_leave,2026-07-15,2026-09-09,WyJZT0tuWnl2eWFmTXNlQUdlY21DMSIsIlBWU1lYQVhhU3o5cnFHYTVNRkZ3IiwiMjAyNi0wNy0xNSJd
yPYUzmFf5JCF0P09miOX,WTZAYh5srIEDgPEDjzwn,exclude,EXISTING_ENROLLMENT,,,,
yRBoHtu0h0FCdj1bzNio,DRjcUgJIng8OdUMVof8X,create,SAFE_CURRENT_ENROLLMENT,active,2026-07-11,2026-08-30,WyJ5UkJvSHR1MGgwRkNkajFiek5pbyIsIkRSamNVZ0pJbmc4T2RVTVZvZjhYIiwiMjAyNi0wNy0xMSJd
yVaKhrq2U26mZ3sve1tK,NQ1K3m1shKBZJSVegPme,exclude,EXISTING_ENROLLMENT,,,,
YVfEWfDxz1QgHbkexGpH,b6GS6Dg5npzK3y2iRpbs,create,SAFE_CURRENT_ENROLLMENT,active,2026-07-02,2026-08-25,WyJZVmZFV2ZEeHoxUWdIYmtleEdwSCIsImI2R1M2RGc1bnB6SzN5MmlScGJzIiwiMjAyNi0wNy0wMiJd
yvFl0XN5Op4DUQ8ngTib,MbEjkY4bZPvUt9ykRpPu,exclude,ENDED_CLASS,,,,
yWLzE4xuxKnli1qxQ57W,8gRFsTVLErsXTi2DbRyD,create,SAFE_CURRENT_ENROLLMENT,active,2026-06-28,2026-08-22,WyJ5V0x6RTR4dXhLbmxpMXF4UTU3VyIsIjhnUkZzVFZMRXJzWFRpMkRiUnlEIiwiMjAyNi0wNi0yOCJd
yypkwxGVBWeOmv5mn65R,LMpRvmwnanq28ftRLvP3,exclude,NON_CURRENT_STATUS,,,,
Z0nNSJZZnKGTuBVkeBjG,bfKk4jq9TBB9vlnB4TjH,create,SAFE_CURRENT_ENROLLMENT,active,2026-07-10,2026-09-04,WyJaMG5OU0paWm5LR1R1QlZrZUJqRyIsImJmS2s0anE5VEJCOXZsbkI0VGpIIiwiMjAyNi0wNy0xMCJd
Z3IqGw2CtUrqNC9Yj7U2,6GmA0pfCfbyeUmHYcT2D,exclude,NON_CURRENT_STATUS,,,,
Z8feYjDEJawd1oqxjyA8,187uCU8mzdnrWpziZrDe,create,SAFE_CURRENT_ENROLLMENT,active,2026-07-08,2026-08-28,WyJaOGZlWWpERUphd2Qxb3F4anlBOCIsIjE4N3VDVThtemRucldwemlackRlIiwiMjAyNi0wNy0wOCJd
Z8gQ9Xq2uDUXlX8bXf0K,AnxnD92cSGEYTMqhNFw5,create,SAFE_CURRENT_ENROLLMENT,on_leave,2026-07-22,2026-09-16,WyJaOGdROVhxMnVEVVhsWDhiWGYwSyIsIkFueG5EOTJjU0dFWVRNcWhORnc1IiwiMjAyNi0wNy0yMiJd
zATSEAruZI6rh49Ze4eJ,pAKl7xpSLd1atr3eRofo,create,SAFE_CURRENT_ENROLLMENT,active,2026-06-23,2026-08-13,WyJ6QVRTRUFydVpJNnJoNDlaZTRlSiIsInBBS2w3eHBTTGQxYXRyM2VSb2ZvIiwiMjAyNi0wNi0yMyJd
zBpJGxVPMdAeSsJd4x7r,Z8oeO9IN5H3lsV6IOAoH,exclude,NON_CURRENT_STATUS,,,,
ZecPqAdCpS0bxeec2Vny,htDI41OT3fXxmNWfnknT,exclude,EXISTING_ENROLLMENT,,,,
ZF5fr0Amc5eDwSPDUbp4,lmCjwxAFU0oXzXSBdjW8,exclude,EXISTING_ENROLLMENT,,,,
zfn3VLOjfLQa2ua0EqaQ,FigsTfwBAQzGlLBxfU2u,exclude,EXISTING_ENROLLMENT,,,,
zgjLR2pwuPlrpgqlkB8i,xfrcmqXG5Eq8k0HsK7ip,create,SAFE_CURRENT_ENROLLMENT,active,2026-07-24,2026-09-12,WyJ6Z2pMUjJwd3VQbHJwZ3Fsa0I4aSIsInhmcmNtcVhHNUVxOGswSHNLN2lwIiwiMjAyNi0wNy0yNCJd
ziz1vFQVUQ0AhipNUw1e,DPZ0ENoAC52canMi03Dr,create,SAFE_CURRENT_ENROLLMENT,active,2026-07-12,2026-09-05,WyJ6aXoxdkZRVlVRMEFoaXBOVXcxZSIsIkRQWjBFTm9BQzUyY2FuTWkwM0RyIiwiMjAyNi0wNy0xMiJd
zJ5r6x4WJDqV6wlUKvu1,mxZlZe2CtUrOvjYhuwvi,create,SAFE_CURRENT_ENROLLMENT,active,2026-06-22,2026-08-16,WyJ6SjVyNng0V0pEcVY2d2xVS3Z1MSIsIm14WmxaZTJDdFVyT3ZqWWh1d3ZpIiwiMjAyNi0wNi0yMiJd
zjrPU1sFXX1mpsRGrTIN,NQ1K3m1shKBZJSVegPme,exclude,EXISTING_ENROLLMENT,,,,
ZkWtlQjxelBnci4Qd4iP,LMpRvmwnanq28ftRLvP3,exclude,NON_CURRENT_STATUS,,,,
ZmbJHqWGqnd7agop6I0k,PVSYXAXaSz9rqGa5MFFw,create,SAFE_CURRENT_ENROLLMENT,active,2026-07-15,2026-09-09,WyJabWJKSHFXR3FuZDdhZ29wNkkwayIsIlBWU1lYQVhhU3o5cnFHYTVNRkZ3IiwiMjAyNi0wNy0xNSJd
ZSqNXziz2GdDo81LJ9ia,PVSYXAXaSz9rqGa5MFFw,create,SAFE_CURRENT_ENROLLMENT,active,2026-07-15,2026-09-09,WyJaU3FOWHppejJHZERvODFMSjlpYSIsIlBWU1lYQVhhU3o5cnFHYTVNRkZ3IiwiMjAyNi0wNy0xNSJd
zsv1Xx5VWNK3T3GusUwp,LMpRvmwnanq28ftRLvP3,exclude,NON_CURRENT_STATUS,,,,
zSV7J9EIRu7i1Ahgrhgj,187uCU8mzdnrWpziZrDe,create,SAFE_CURRENT_ENROLLMENT,active,2026-07-08,2026-08-28,WyJ6U1Y3SjlFSVJ1N2kxQWhncmhnaiIsIjE4N3VDVThtemRucldwemlackRlIiwiMjAyNi0wNy0wOCJd
zUd281841BxV8gIrt81W,XXTe0dcLydenBbhXkIHF,create,SAFE_CURRENT_ENROLLMENT,active,2026-06-20,2026-08-09,WyJ6VWQyODE4NDFCeFY4Z0lydDgxVyIsIlhYVGUwZGNMeWRlbkJiaFhrSUhGIiwiMjAyNi0wNi0yMCJd
zUEQpHABcmByRZ9C3UNp,7Fxj71SvCY5SSGACTZ8C,exclude,EXISTING_ENROLLMENT,,,,
zXifjEACCAAFJxaHhEVx,vNK2ADOv5VCXhP3Q2sOg,create,SAFE_CURRENT_ENROLLMENT,active,2026-07-16,2026-09-08,WyJ6WGlmakVBQ0NBQUZKeGFIaEVWeCIsInZOSzJBRE92NVZDWGhQM1Eyc09nIiwiMjAyNi0wNy0xNiJd
