recordId,documentType,templateVersion,plannedStatus,plannedAttempts
688abb23-6454-4143-bb51-1dea0b210fdb__aqHkOvXCvZ9JbBE9aaBX,evaluation,1,pending,0
688abb23-6454-4143-bb51-1dea0b210fdb__G8VRi7OEQH6q8W413QjU,evaluation,1,pending,0
688abb23-6454-4143-bb51-1dea0b210fdb__jEwesUBuZKiH20q8wrhm,evaluation,1,pending,0
688abb23-6454-4143-bb51-1dea0b210fdb__LHgLCB0qjyHGV65U3l0C,evaluation,1,pending,0
688abb23-6454-4143-bb51-1dea0b210fdb__MfHDYUyETCN1woWXyGCU,evaluation,1,pending,0
688abb23-6454-4143-bb51-1dea0b210fdb__nACs61aNuvw8FrFJqrHi,evaluation,1,pending,0
688abb23-6454-4143-bb51-1dea0b210fdb__oJfGVuO4NRxo1oRPMbUx,evaluation,1,pending,0
688abb23-6454-4143-bb51-1dea0b210fdb__slQKiNTkaaoQJRwBTrne,evaluation,1,pending,0
8df15c4a-1450-4d7a-bd46-da0e7e4d1f34__9qGXuzuIN2aNUIfh7FOb,evaluation,1,pending,0
8df15c4a-1450-4d7a-bd46-da0e7e4d1f34__bWvz0gPPbqN3gmBUOqE7,evaluation,1,pending,0
8df15c4a-1450-4d7a-bd46-da0e7e4d1f34__gFaTv84D40EJ4s4zp9kT,evaluation,1,pending,0
8df15c4a-1450-4d7a-bd46-da0e7e4d1f34__GpWrpEra550BJ6Dt5qAf,evaluation,1,pending,0
8df15c4a-1450-4d7a-bd46-da0e7e4d1f34__haxS57PbJqgtWJEGjhEr,evaluation,1,pending,0
8df15c4a-1450-4d7a-bd46-da0e7e4d1f34__KW4RqVeqdab5P2bLWNSl,evaluation,1,pending,0
8df15c4a-1450-4d7a-bd46-da0e7e4d1f34__QKcLsNAgfgVm6dv6p3DL,evaluation,1,pending,0
8df15c4a-1450-4d7a-bd46-da0e7e4d1f34__u1LJuNNso9nm6gzlMjS5,evaluation,1,pending,0
f940bcd2-39a3-4a00-84eb-264e3f78a7f6__4Zlq6kanDXcoZG8PlMJt,evaluation,1,pending,0
f940bcd2-39a3-4a00-84eb-264e3f78a7f6__COZQ0VKGs8VO6kFIB7o1,evaluation,1,pending,0
f940bcd2-39a3-4a00-84eb-264e3f78a7f6__Jv0qDs8CnoE2DW6SZGsI,evaluation,1,pending,0
f940bcd2-39a3-4a00-84eb-264e3f78a7f6__Jv0qDs8CnoE2DW6SZGsI,tuition,1,pending,0
f940bcd2-39a3-4a00-84eb-264e3f78a7f6__QV1m6Ph1ifv5GnOku6ZF,evaluation,1,pending,0
f940bcd2-39a3-4a00-84eb-264e3f78a7f6__QV1m6Ph1ifv5GnOku6ZF,tuition,1,pending,0
f940bcd2-39a3-4a00-84eb-264e3f78a7f6__UFpfNXj8L7BFOcBXb5l1,evaluation,1,pending,0
f940bcd2-39a3-4a00-84eb-264e3f78a7f6__XHqD2XRJaKfUTw8fAuLf,evaluation,1,pending,0
f940bcd2-39a3-4a00-84eb-264e3f78a7f6__XHqD2XRJaKfUTw8fAuLf,tuition,1,pending,0
f940bcd2-39a3-4a00-84eb-264e3f78a7f6__YKY6UKAGYN5VPOiGdCQs,evaluation,1,pending,0
f940bcd2-39a3-4a00-84eb-264e3f78a7f6__YKY6UKAGYN5VPOiGdCQs,tuition,1,pending,0
f940bcd2-39a3-4a00-84eb-264e3f78a7f6__zgjLR2pwuPlrpgqlkB8i,evaluation,1,pending,0
f940bcd2-39a3-4a00-84eb-264e3f78a7f6__zgjLR2pwuPlrpgqlkB8i,tuition,1,pending,0
term_1779948084161__0hmhaSS5Wh6iiSORCV9l,evaluation,1,pending,0
term_1779948084161__6mR5Q0Eioe9Xb4XkheV5,evaluation,1,pending,0
term_1779948084161__am3DeCyS4zFLlzHIH8H1,evaluation,1,pending,0
term_1779948084161__BFJVpvI1PQhBbIRwREcH,evaluation,1,pending,0
term_1779948084161__Bifj6U7m6JJCMvKVjT18,evaluation,1,pending,0
term_1779948084161__EyCDO8auhIM2HBj378fs,evaluation,1,pending,0
term_1779948084161__g9XXp1zY7VYh0smEhGG6,evaluation,1,pending,0
term_1779948084161__gpVgzkPbjAGMOzC3kJiL,evaluation,1,pending,0
term_1779948084161__Gq8QrskTEzZetxTuPjDu,evaluation,1,pending,0
term_1779948084161__hPYmup5pclO5XY2oS110,evaluation,1,pending,0
term_1779948084161__HRwyPE6wjmcCYsTdiRRs,evaluation,1,pending,0
term_1779948084161__IKFLd3YKDuiOVngk3OsY,evaluation,1,pending,0
term_1779948084161__LiDx3ubOEzM6CZL5GKu8,evaluation,1,pending,0
term_1779948084161__SbfIdp1kPNqvhfpGqjEQ,evaluation,1,pending,0
term_1779948084161__TzlO79t2BxRD0biqvyQX,evaluation,1,pending,0
term_1779948084161__U38slOmxUtx4KiyTopaS,evaluation,1,pending,0
term_1779948084161__ViRSm0fpD1bDdFDdzGdt,evaluation,1,pending,0
term_1779948084161__wJICOBnqS5F3PG4UfaY1,evaluation,1,pending,0
term_1779948084161__wSipYj8fjRtpbeGi3Ebp,evaluation,1,pending,0
term_1779948084161__XQeynqt92tEanTTjwiSX,evaluation,1,pending,0
term_1779948084161__Z8gQ9Xq2uDUXlX8bXf0K,evaluation,1,pending,0
term_1780499747965__5g9pL8su6oTJPP8b9aPu,evaluation,1,pending,0
term_1780499747965__aqHkOvXCvZ9JbBE9aaBX,evaluation,1,pending,0
term_1780499747965__G8VRi7OEQH6q8W413QjU,evaluation,1,pending,0
term_1780499747965__jEwesUBuZKiH20q8wrhm,evaluation,1,pending,0
term_1780499747965__LMAzIHa87Fg6kCUGFzZ9,evaluation,1,pending,0
term_1780499747965__nqgtWCMf6ZA3xWOtj4r5,evaluation,1,pending,0
term_1780499747965__oZFEMhlxtUAJTBqxa8Tx,evaluation,1,pending,0
term_1780499747965__slQKiNTkaaoQJRwBTrne,evaluation,1,pending,0
term_1780499747965__YgI44BqRw0kbGittdPgs,evaluation,1,pending,0
term_1783936893014__70tZE5Q6fLHvOWeRq8CI,evaluation,1,pending,0
term_1783936893014__DwZXLt8CZN2ldrhhcoNh,evaluation,1,pending,0
term_1783936893014__JBfx6hFJiSKC8CHLI2DD,evaluation,1,pending,0
term_1783936893014__mxHOcYjK3nre9AEDWZby,evaluation,1,pending,0
term_1783936893014__nBs6xhIU09yDKGDRSdkA,evaluation,1,pending,0
term_1783936893014__Q55GKtUmk3SLYumumFEn,evaluation,1,pending,0
term_1783936893014__R9rxHG4gzCO1pnmqv1td,evaluation,1,pending,0
term_1783936893014__xAJgYXsCf3wvJC4kQJSv,evaluation,1,pending,0
term_1783936893014__XkJbLv5IU2Hw2DuMHT6P,evaluation,1,pending,0
term_1783936893014__yGD1poFTnilNw872BYNO,evaluation,1,pending,0
term_1783936893014__ziz1vFQVUQ0AhipNUw1e,evaluation,1,pending,0
term_1783946393116__0aXOPzXWrOX3kBtl88hH,evaluation,1,pending,0
term_1783946393116__1kE0tKx21XMEOR1r5G5d,evaluation,1,pending,0
term_1783946393116__3PYoRbI0eHjTBoHqXVf4,evaluation,1,pending,0
term_1783946393116__dDnt88Dvuo0PLtWHG5Yd,evaluation,1,pending,0
term_1783946393116__F4RTgJqfixCd9w1epbaO,evaluation,1,pending,0
term_1783946393116__JVBuK8MQBf8wVUHmlxAA,evaluation,1,pending,0
term_1783946393116__Mfgo7xxVKfuNtinazLzQ,evaluation,1,pending,0
term_1783946393116__nYgno76NyNigJOvXY5Z1,evaluation,1,pending,0
term_1783946393116__qB1aDjUIjAl9rk3pXp9X,evaluation,1,pending,0
term_1783946393116__rdAyR7AYfmhYRXnyTFg7,evaluation,1,pending,0
term_1783946393116__sNPW4TLC6pYt5eOpuMHV,evaluation,1,pending,0
term_1783946393116__U6utVw5gSWJQi0uupu19,evaluation,1,pending,0
term_1783946393116__uGpRr2cbL01c1NrgIP62,evaluation,1,pending,0
term_1783946393116__wUXUcHJo7yl1tp8HDMW3,evaluation,1,pending,0
term_1784282904402__1IAmz9Sl9vx64eDbp3ay,evaluation,1,pending,0
term_1784282904402__2DIGQggr9fGrlt937cNE,evaluation,1,pending,0
term_1784282904402__3tSAPzEK49EjbsZaNjZ1,evaluation,1,pending,0
term_1784282904402__4fG3hlMzvMXac00bPI8B,evaluation,1,pending,0
term_1784282904402__4ZOnT3blyNc7Xp40frj6,evaluation,1,pending,0
term_1784282904402__8zPcqAKCUmRCa4eYupwV,evaluation,1,pending,0
term_1784282904402__caUlXnPBKe3BAmSU6keB,evaluation,1,pending,0
term_1784282904402__cpOZPgSFtkeKHBVr616X,evaluation,1,pending,0
term_1784282904402__cZE5cUe1jUhaAawWwbne,evaluation,1,pending,0
term_1784282904402__cztQjUH2AR9qG1wBbGLE,evaluation,1,pending,0
term_1784282904402__D4fXfXzQ8p5Fzf1AFXoM,evaluation,1,pending,0
term_1784282904402__Fk1lAw0g46pVOVhAGyxq,evaluation,1,pending,0
term_1784282904402__FPgXRbnRTm4dstU8ZP5v,evaluation,1,pending,0
term_1784282904402__gLthWoMZjkeegEieklna,evaluation,1,pending,0
term_1784282904402__inY6KRuAYrxe8ZHxxVR9,evaluation,1,pending,0
term_1784282904402__iTiS6bDb3nukWQ9y5oOB,evaluation,1,pending,0
term_1784282904402__iYhqrDRp9bu8B44uvstZ,evaluation,1,pending,0
term_1784282904402__J97FEeZeP3nKgXphwdXy,evaluation,1,pending,0
term_1784282904402__KdIQVpw6wS3D9yKBZAck,evaluation,1,pending,0
term_1784282904402__KgfM4P4j5JALX0W7QLU5,evaluation,1,pending,0
term_1784282904402__lukcIMXhplCgWeTRdunF,evaluation,1,pending,0
term_1784282904402__PgAg0s2hpAqyDq1U1W4T,evaluation,1,pending,0
term_1784282904402__qnQZLQBq0BijRGGNiJFL,evaluation,1,pending,0
term_1784282904402__ROex3EQ8IQPEScVbmZ7b,evaluation,1,pending,0
term_1784282904402__SJY44bhaMRi1RiEo3k1V,evaluation,1,pending,0
term_1784282904402__TVq5dIMoQmhO21hd8ezb,evaluation,1,pending,0
term_1784282904402__zXifjEACCAAFJxaHhEVx,evaluation,1,pending,0
term_1784460265364__0hmhaSS5Wh6iiSORCV9l,evaluation,1,pending,0
term_1784460265364__6mR5Q0Eioe9Xb4XkheV5,evaluation,1,pending,0
term_1784460265364__am3DeCyS4zFLlzHIH8H1,evaluation,1,pending,0
term_1784460265364__Bifj6U7m6JJCMvKVjT18,evaluation,1,pending,0
term_1784460265364__EyCDO8auhIM2HBj378fs,evaluation,1,pending,0
term_1784460265364__g9XXp1zY7VYh0smEhGG6,evaluation,1,pending,0
term_1784460265364__gpVgzkPbjAGMOzC3kJiL,evaluation,1,pending,0
term_1784460265364__Gq8QrskTEzZetxTuPjDu,evaluation,1,pending,0
term_1784460265364__hPYmup5pclO5XY2oS110,evaluation,1,pending,0
term_1784460265364__IKFLd3YKDuiOVngk3OsY,evaluation,1,pending,0
term_1784460265364__LiDx3ubOEzM6CZL5GKu8,evaluation,1,pending,0
term_1784460265364__SbfIdp1kPNqvhfpGqjEQ,evaluation,1,pending,0
term_1784460265364__TzlO79t2BxRD0biqvyQX,evaluation,1,pending,0
term_1784460265364__ViRSm0fpD1bDdFDdzGdt,evaluation,1,pending,0
term_1784460265364__wJICOBnqS5F3PG4UfaY1,evaluation,1,pending,0
term_1784460265364__wSipYj8fjRtpbeGi3Ebp,evaluation,1,pending,0
term_1784460265364__XQeynqt92tEanTTjwiSX,evaluation,1,pending,0
term_1784523098996__1kG5Rdw0N5ypSuumybsX,evaluation,1,pending,0
term_1784523098996__3cpU8EdbAdwyE98mBBnN,evaluation,1,pending,0
term_1784523098996__BZ3316Grlgf2DQbGZwB3,evaluation,1,pending,0
term_1784523098996__cSZ44p2chbKh4o0Jt7CS,evaluation,1,pending,0
term_1784523098996__F0TNbfDaQw4HgZWMO65X,evaluation,1,pending,0
term_1784523098996__hMxfShwOf6cUjy8XDl8e,evaluation,1,pending,0
term_1784523098996__uYAubWQP8R25hfxtDSN4,evaluation,1,pending,0
term_1784523098996__xk7lXOw5etKP2YUO37rp,evaluation,1,pending,0
term_1784523098996__XkrtjLcO40Fs76XDxbkz,evaluation,1,pending,0
term_1784523098996__ZmbJHqWGqnd7agop6I0k,evaluation,1,pending,0
term_1784523098996__ZSqNXziz2GdDo81LJ9ia,evaluation,1,pending,0
